-9.917485783458497572e-02,-6.379047897747923690e-01,-7.637027083596522603e-01
-2.765034879123515199e-01,-3.002691498505669632e-01,-9.128988217871253363e-01
-4.089597004779567668e-01,-6.710504348712049705e-01,-6.184199845122620998e-01
-5.499641109230767322e-01,-3.247117466283322984e-01,-7.694814866506973772e-01
-3.302309614564445384e-01,-5.071778954148057350e-01,-7.960641271268041885e-01
-3.071177064549505120e-01,-5.920663368584392350e-01,-7.450746050838668033e-01
3.846328543108151754e-01,6.523292934933850873e-01,6.530880953096115382e-01
-4.405053439699413431e-01,-5.006537638587909012e-01,-7.451851116789368623e-01
-3.808968969366757773e-01,-6.575332570876796234e-01,-6.500519746356276940e-01
-4.451789157218642989e-01,-5.652783100985486753e-01,-6.944610609161857573e-01
4.233923974643639676e-01,4.282664217015450525e-01,7.983274702854288307e-01
3.167962167337020629e-01,5.554082706268014258e-01,7.688704767271006268e-01
1.255069194032264746e-01,8.271381485641140507e-01,5.478051627831209691e-01
-2.990083391023034554e-01,-4.243395057621443534e-01,-8.547104755394197007e-01
4.352120628088451126e-01,6.913544854216352453e-01,5.767316844712588875e-01
-4.249748678577420224e-01,-7.123162354088364845e-01,-5.585713405307128898e-01
-1.025047199203455578e-01,-6.499553074258412888e-01,-7.530278087448244451e-01
-3.468731517989781521e-01,-5.026956436198088962e-01,-7.918182281601686689e-01
-1.674191859954443362e-01,-7.369604954696965526e-01,-6.548740674951807339e-01
-2.414640507287724169e-01,-6.783355792527037131e-01,-6.939423276653124972e-01
-3.104266623041166961e-01,-6.064044611503390803e-01,-7.320580009997109672e-01
3.782209439667487683e-01,3.397439010972046480e-01,8.611172970113620817e-01
1.693893460085477976e-01,7.090940960034217699e-01,6.844653478970916805e-01
-8.174696495002869989e-02,-5.606082559179745850e-01,-8.240362959955499500e-01
1.390478149466697622e-01,7.569516772478119826e-01,6.385059619692531330e-01
-3.550088243425892354e-01,-4.722858526986573047e-01,-8.067929151768716833e-01
3.259291680712783079e-01,5.732271868659009062e-01,7.517850554767432358e-01
-3.212454714346285600e-01,-5.252677959756059112e-01,-7.879689648670641366e-01
-2.041266624756847281e-01,-6.390122691539155131e-01,-7.416168994415525129e-01
2.512867809065136293e-01,7.493262232724993144e-01,6.126705190049658301e-01
-4.010499427031666286e-01,-3.818422270230129034e-01,-8.326796845845901851e-01
3.754471039712722891e-01,6.076864478257428814e-01,6.998261593056631646e-01
-4.372789033182242907e-02,-6.359878198085853196e-01,-7.704591907831658260e-01
1.781213935566309525e-01,4.771278755839936658e-01,8.605938411923181874e-01
-1.233742876732352861e-01,-6.521022576375898883e-01,-7.480250201197017335e-01
-3.805234726034749659e-01,-6.174899517845724439e-01,-6.884097952839417500e-01
2.552872053585779621e-01,8.108664519104205048e-01,5.266156472669730748e-01
-3.731065131450795325e-01,-6.984953261952865367e-01,-6.106519541703446796e-01
2.977158168398258420e-01,5.043332127986119851e-01,8.105635711476462113e-01
2.730752079851794245e-01,4.887181835452358847e-01,8.286039270098206622e-01
2.631341016674817457e-01,8.681022420790047711e-01,4.209025324669028456e-01
3.274524436916363412e-01,6.989996160743856546e-01,6.357471461581538641e-01
-4.087418163173737740e-01,-4.760537021338683283e-01,-7.786546091035565498e-01
3.763746154007118760e-01,6.276362615918632537e-01,6.814799131426811929e-01
-2.044020374741037371e-01,-3.994758707327630831e-01,-8.936659531271938794e-01
3.240088853401675850e-01,4.267229349207171119e-01,8.443493228713288001e-01
5.201117103633802197e-01,5.578729498417623889e-01,6.467314594000584949e-01
3.193820608966380092e-01,4.405001861090830362e-01,8.390200743815844353e-01
-2.757350345403749015e-01,-5.949269053977596089e-01,-7.550047469790261978e-01
5.268466314062388856e-01,6.175201038406631371e-01,5.840389955546760881e-01
-3.342002793934080174e-01,-6.754878866653721836e-01,-6.572870668297964292e-01
-3.129168385540403441e-01,-5.027453125929082223e-01,-8.058102771839061873e-01
-4.096937962136636413e-01,-6.038803459552219977e-01,-6.837247407495492535e-01
3.222992104118074241e-01,6.400500719393491522e-01,6.974662173742607330e-01
-2.375735727134416220e-01,-7.315302424025872385e-01,-6.390792611238320653e-01
-2.702452973870514419e-01,-5.952900789191850617e-01,-7.567015271430173051e-01
-4.056419708654979694e-01,-6.231830151635774362e-01,-6.686535134761402155e-01
3.165215495814640567e-01,7.001715295326833566e-01,6.399796386467396792e-01
1.619902944227151198e-01,8.136874428880473964e-01,5.582758187483610746e-01
-4.582831978577505683e-01,-4.782855084276277924e-01,-7.491458355950457726e-01
3.528385386838591709e-01,5.676498480784836209e-01,7.438270064980924134e-01
1.750066489773839939e-01,7.238687596681248060e-01,6.673729778693752168e-01
4.107406793360969255e-01,7.411193566679736833e-01,5.310689159709597318e-01
-2.570378626570723468e-01,-1.250094348161572833e-01,-9.582818887820164777e-01
-3.526733709269189165e-01,-7.623479683349762004e-01,-5.426297712202843293e-01
1.438645160092753839e-01,6.149662693554154291e-01,7.753189592603162428e-01
-3.068795619961320886e-01,-6.050070462042532737e-01,-7.347049805685725854e-01
3.944633696217762497e-01,3.425914633692316302e-01,8.526603891662625223e-01
3.094255897643526376e-01,6.725250931156522283e-01,6.722840199861706001e-01
-1.426347058965265480e-01,-7.579030344311248335e-01,-6.365833261042143087e-01
1.354331128880706912e-02,6.458756209658561565e-01,7.633225143812439883e-01
-5.142605053433267973e-03,4.882747140248530626e-01,8.726748290498658189e-01
-5.011610124468016680e-01,-4.103452441485044289e-01,-7.618755936555526853e-01
8.204164569510909166e-02,4.755561869175676248e-01,8.758512895783518992e-01
-2.760331361558113761e-01,-6.051619675196447945e-01,-7.467159438579972219e-01
-1.505033723701162396e-01,-7.144426293692248686e-01,-6.833157866208058318e-01
-2.856635851904469336e-01,-6.129502156203916474e-01,-7.366738418506902919e-01
-9.702831359728900096e-02,-7.783296323166067898e-01,-6.203132191226959913e-01
-3.103554706426885912e-01,-8.316606943010570463e-01,-4.604562643692003965e-01
4.253874371468239768e-01,4.882868064820752863e-01,7.619852511257635408e-01
4.880515189966509043e-02,7.362781764851806798e-01,6.749166644702944140e-01
3.247799456966196652e-01,6.232698123396404055e-01,7.113738313287959469e-01
3.741528410243724068e-01,5.164879562262220114e-01,7.702271370359855540e-01
-3.026996107055444640e-01,-4.920762381648079442e-01,-8.162315367052924708e-01
2.526082381688123379e-01,6.390639230077866939e-01,7.264890779076766947e-01
-3.407692701023894155e-02,6.693306444803860389e-01,7.421827614577221066e-01
-2.911165340180555394e-01,-6.555765544912660614e-01,-6.967571634527156554e-01
1.875597788981260561e-01,4.764060376550977582e-01,8.589869711616443526e-01
-3.079913578779167604e-01,-5.855459976261051525e-01,-7.498514573811042583e-01
4.015752419729818889e-01,6.187653577417783213e-01,6.751790555793553139e-01
-5.092792146961825361e-01,-4.288807775351929918e-01,-7.461206069659568341e-01
-4.905187968919658692e-01,-5.560087874085199999e-01,-6.710033816756554303e-01
-3.941449667442477045e-01,-5.224897654982185724e-01,-7.560781640411210480e-01
3.902802236539937852e-01,6.153480924919286776e-01,6.848562419158733539e-01
1.437579444434694820e-01,8.013192570558916872e-01,5.807074148663697866e-01
5.351332455246122777e-01,4.853359603616547169e-01,6.914343172812043026e-01
2.453938187430249884e-01,5.973760242491820138e-01,7.634944396490102037e-01
-2.000290420346126086e-01,-4.946204001343989520e-01,-8.457771823084389018e-01
-2.524962377148314285e-01,-8.042605467334863478e-01,-5.379689795032878141e-01
-4.805354791219394461e-01,-4.048607186890575416e-01,-7.779289503339156253e-01
-3.912394533565875521e-01,-5.814173472677183208e-01,-7.133621509678013117e-01
3.002732417165993040e-01,3.499931779148335309e-01,8.873222389425842183e-01
3.557042352359459092e-01,5.274029003892476419e-01,7.715702675040170266e-01
2.003951190195151222e-01,-5.520336974625325022e-01,-8.093828470748559711e-01
-2.509602937973644532e-01,-6.932139683269099573e-01,-6.756280967023192696e-01
-2.914529740226686205e-01,-6.857397091099051156e-01,-6.669454365112670313e-01
4.220139926483734150e-01,5.488905078140126070e-01,7.215423760533083986e-01
2.618101625682180966e-01,6.318521027236840837e-01,7.295329732504638454e-01
1.722046468272564190e-01,7.123443202898714910e-01,6.803757263173495495e-01
8.913507093464878572e-02,7.425786943598027268e-01,6.638010408340484503e-01
-2.916857889781398483e-01,-6.873327754620065511e-01,-6.652015155453984141e-01
-4.545029944148105683e-01,-6.272401617317221456e-01,-6.324530081980269669e-01
-2.908477553149375616e-01,-5.970270232394218057e-01,-7.476404996722268992e-01
-2.385544901696177167e-01,-6.642499886931877429e-01,-7.084233958170873535e-01
3.883349769039080579e-01,6.110767849800682328e-01,6.897688805472922402e-01
-1.533896337895032103e-01,-5.157917503858056030e-01,-8.428703877108680853e-01
-6.406257045343916046e-02,-6.098859189671892445e-01,-7.898956595098147737e-01
8.631303544703107511e-02,4.080181399168513190e-01,9.088846227166088587e-01
3.219422150164652496e-01,5.349512636932780563e-01,7.811404199394990089e-01
-3.182483827496808693e-01,-4.695836180946492133e-01,-8.235345727377516578e-01
-1.868059335388430608e-01,-7.137103845120873480e-01,-6.750711297591460713e-01
-1.951382070941696523e-01,-6.524456572723326131e-01,-7.322811921922801615e-01
4.459296945959588809e-01,6.345651161010605890e-01,6.312478284360288905e-01
2.359104020146133018e-01,6.004476084744903019e-01,7.640739176928950105e-01
-6.121084764850977245e-02,-8.911863511664342985e-01,-4.494887313657683903e-01
-2.115171413951519030e-01,-4.939639632916872913e-01,-8.433623787347831469e-01
3.321474604095470129e-01,5.591764515387070977e-01,7.596050030035796929e-01
-2.637070887673844122e-01,-6.102886500922288793e-01,-7.469982161306919499e-01
3.419171813175195807e-01,5.856771375072118424e-01,7.348979056448867730e-01
-3.401504722811669601e-01,-5.868263158343866026e-01,-7.348010147319747887e-01
-1.107891313638385000e-01,-6.513143198628258412e-01,-7.506766448433512817e-01
2.441594575079839569e-01,5.972116255434640752e-01,7.640186081668038920e-01
-2.368046162058615733e-01,-8.881822565681525283e-01,-3.937713205162343688e-01
3.455454583768852728e-01,7.809631594637109764e-01,5.202834609667758015e-01
-3.385332840640151719e-01,-6.959866236059161215e-01,-6.332438987802958552e-01
-3.786660935619955981e-01,-6.273044520801247526e-01,-6.805153297222278352e-01
2.886562075363856006e-01,4.087505405502269151e-01,8.657947732867232737e-01
2.990019700381657541e-01,6.419672343462514696e-01,7.060282515162696892e-01
4.117436156645040701e-01,5.784419707127070875e-01,7.041818525619081282e-01
6.062865118568566691e-01,5.294410323347029657e-01,5.933876126283808006e-01
7.410707803720800735e-02,-5.573793295442907025e-01,-8.269440271152239674e-01
1.195152195285438812e-01,7.431043023288392835e-01,6.584163638317421796e-01
2.380985020615882797e-01,6.923416437741481966e-01,6.811550129097916351e-01
-3.679861529070130866e-01,-5.862638006967956228e-01,-7.217208236300544089e-01
-5.376335686734593500e-01,-5.836256575154519233e-01,-6.085484678520658441e-01
8.788166015005573206e-02,6.713268451860635588e-01,7.359327963488223601e-01
-1.603535759324988541e-01,-7.023334409136449130e-01,-6.935520661493700389e-01
-5.038515419471931850e-02,-7.739640487328488527e-01,-6.312218211578484173e-01
6.748651807939173852e-02,5.303103219701712501e-01,8.451133251164680837e-01
-1.858918581346792609e-01,-6.864447904175049464e-01,-7.030204597221222373e-01
-2.321473857318147038e-01,-7.521649500160066948e-01,-6.167296646548650063e-01
-2.457104040237009790e-01,-5.773579172388509928e-01,-7.786425577607005710e-01
2.130899650252858490e-01,7.032251594004066408e-01,6.782824205239254001e-01
1.801285064034127414e-01,6.884562755375791543e-01,7.025536832540277832e-01
-2.342880463386758441e-02,-5.521995774007102398e-01,-8.333826959038117543e-01
3.065997654031961672e-01,7.435356405747208797e-01,5.942653742645995774e-01
3.294092026352876679e-01,5.901490778463159836e-01,7.370302864444084889e-01
3.327260638690061056e-01,3.771056553850762327e-01,8.643406105805917505e-01
-5.042530827080715650e-01,-4.882865388605097667e-01,-7.122535254718156406e-01
4.455875090448790932e-01,4.978674934343929048e-01,7.440293883742324921e-01
-4.744866626214869765e-01,-6.590501619323206883e-01,-5.835368806264991104e-01
9.238002172925284528e-02,5.988561405727401699e-01,7.955106878500284306e-01
-4.558635910500351551e-01,-4.847944028091223934e-01,-7.464333683323064461e-01
5.702762140193473606e-01,5.591037774924020320e-01,6.018205760170435292e-01
-2.831988199973931586e-01,-5.881498851881261647e-01,-7.575474512565388840e-01
4.258130248106554716e-01,4.532168267780239401e-01,7.831205372270981790e-01
-4.233977788249143059e-01,-4.519399113928788125e-01,-7.851653567092258257e-01
3.018266211834104776e-02,5.347322470498258040e-01,8.444823449146194871e-01
-3.384350183238954979e-01,-6.254993405048242527e-01,-7.030023566106551325e-01
-5.181740770258760342e-01,-5.909322538448750217e-01,-6.182998441405249679e-01
-3.210870575110676417e-01,-5.804579429138263524e-01,-7.483125536880517181e-01
-3.102769677448757313e-01,-5.915693134203147130e-01,-7.441598959272548441e-01
-1.899937482530056343e-01,-4.710567744825864267e-01,-8.613987989536758816e-01
-1.274700015989528035e-01,-7.166423712437745008e-01,-6.856931605539486885e-01
3.116984811203451500e-01,6.686217770069854405e-01,6.751214529099863748e-01
-3.100463392702540455e-01,-6.185247023804201216e-01,-7.220100138158246361e-01
4.213279029434535139e-01,6.706233900112833490e-01,6.105301523848318812e-01
3.360729334281722380e-01,7.156370624845537209e-01,6.123059514780681001e-01
-4.125529079589764225e-01,-3.250014110067776518e-01,-8.509842424970017749e-01
-2.017113839701051015e-01,-7.199091399374389910e-01,-6.641109454085225572e-01
-4.277146058146841789e-01,-4.154947613383916383e-01,-8.027604370378140786e-01
-1.971950198103002982e-01,-3.021618231290105761e-01,-9.326373125740615722e-01
-4.291861697588258973e-01,-2.779693356173513208e-01,-8.593790084381841554e-01
2.482521166512087485e-01,6.101069346463882104e-01,7.524230292027100919e-01
2.052673852601805127e-01,8.643917698642018532e-01,4.590121662216387621e-01
-4.129207873244558624e-01,-5.682860821036272991e-01,-7.117214007479758520e-01
-2.824528316079305545e-01,-6.462845262971302907e-01,-7.088982359870532601e-01
-1.491072699795924494e-01,-7.237236855025528381e-01,-6.737885789191110364e-01
2.200632876242739067e-01,6.698518661140157038e-01,7.091337158135740948e-01
-1.503984175305646265e-01,-5.500920364497390302e-01,-8.214493699789908732e-01
1.161705038461891687e-01,3.129550128336206494e-01,9.426365015096918043e-01
-5.836621367140826244e-01,-4.530244212257856229e-01,-6.738749022922527754e-01
-2.264285463015811850e-01,-6.885488079825667906e-01,-6.889344326171681354e-01
-1.084260478463855010e-01,-3.741744269169885451e-01,-9.209979860943000585e-01
2.992521121484613134e-01,7.045230486854543450e-01,6.435024842575494120e-01
-2.765205472756198657e-01,-7.221788899383660976e-01,-6.340299976040417729e-01
1.599869351342054491e-01,5.719794677229167457e-01,8.045145549272383345e-01
-5.576265526926856841e-01,-5.125162959026385856e-01,-6.529775449173655932e-01
-2.803253357846106075e-01,-5.702988684445261525e-01,-7.721249295082618369e-01
2.261707919558881286e-01,6.924973203164681568e-01,6.850505340634055473e-01
3.763132876614678768e-01,3.988727542056366149e-01,8.362349164450304517e-01
-2.631072366847235222e-01,-6.952079118817718895e-01,-6.689249145166559218e-01
4.814541392743821868e-01,2.051406633089074838e-01,8.521262934757648511e-01
-2.889787185661135682e-01,-4.249765429054805366e-01,-8.578381188755797027e-01
-1.986488768289472462e-01,-6.987906073096563642e-01,-6.871901562670986729e-01
-2.535525154901969724e-01,-7.266797206364631334e-01,-6.384729481382162009e-01
-2.377424041717867420e-01,-5.449308250110587171e-01,-8.040702364914310563e-01
3.240373656432634086e-01,6.867196390392482641e-01,6.507041747405488685e-01
5.397396148391033766e-01,5.044198578634039309e-01,6.739745953419901126e-01
1.252925092704000425e-02,5.191139961772966993e-01,8.546131738067492822e-01
2.656739558154951331e-01,5.103091336684096868e-01,8.179253861422468574e-01
-1.617744700097601407e-01,-6.451495598578664836e-01,-7.467335979238260979e-01
2.223918054139252531e-01,4.823083966561629299e-01,8.473018915355354785e-01
4.255541420137492481e-01,7.294084100639544044e-01,5.355997045769494980e-01
1.438539125306411148e-01,5.101527110116457209e-01,8.479683150313430673e-01
-3.457911996929011189e-01,-4.925737729594673042e-01,-7.986235185664265490e-01
-4.005270880098432684e-01,-6.612214325481964305e-01,-6.343218969176975808e-01
2.965004170482539725e-01,6.048867898231625739e-01,7.390530929423411166e-01
-4.385652613895706375e-01,-4.348703731370461290e-01,-7.864783977134678361e-01
-4.538045030699110471e-01,-6.785031131183461017e-01,-5.776633954840688645e-01
1.996425802482337808e-01,5.755661572486058253e-01,7.930109953726371952e-01
2.440273628703500119e-01,7.932107440439540857e-01,5.579133998245419113e-01
-3.122736439812514586e-01,-6.749106023675424115e-01,-6.685662645441750040e-01
-1.574186805344589268e-02,-4.921482619250086010e-01,-8.703690492396780609e-01
-2.090375349814760919e-01,-4.187133073261973815e-01,-8.837321286661617981e-01
4.959086786796557123e-01,3.465777468581422438e-01,7.962150763411425247e-01
-5.539933637252380388e-02,-6.033852082194169908e-01,-7.955232265820370019e-01
-4.790382459535733606e-01,-7.622435504902352887e-01,-4.353241650193151457e-01
-4.465436294770611103e-01,-3.150068948184571727e-01,-8.374780254969598214e-01
2.372764317768452369e-01,5.601455346618547937e-01,7.936856272615959718e-01
3.511766514260536987e-01,4.478992962835593450e-01,8.222293961431178522e-01
-4.022707195338465769e-01,-3.111800055747231952e-01,-8.610140953179782342e-01
-6.924943563465919549e-01,-5.010295881472687229e-01,-5.190577214810482287e-01
-3.610453164724743980e-01,-5.668112005022093447e-01,-7.405209939215328108e-01
-3.126946188878920729e-01,-6.084092137925587451e-01,-7.294246389387162299e-01
2.920895538160808158e-01,5.267609949578724304e-01,7.982521824226447293e-01
2.863908744696924136e-01,5.878388978151682931e-01,7.565881952792635756e-01
-2.970739350293996606e-01,-7.112700589046463406e-01,-6.370572819079372007e-01
4.212615790563934981e-01,5.100643918507578034e-01,7.499153273382472840e-01
-1.114555135598404023e-01,-6.087674091859880399e-01,-7.854806872292227071e-01
3.060622601754326433e-01,6.354687426808396378e-01,7.088761316139361446e-01
-4.779247734351407817e-01,-5.510944583115866546e-01,-6.840195969087640160e-01
-2.269072118676996874e-01,-4.107058016024728864e-01,-8.830820243513607393e-01
-3.289775919948907945e-01,-8.043760034035926099e-01,-4.947251652318758186e-01
4.211675536307881162e-01,5.431969054129275332e-01,7.263298243349753935e-01
3.754426025684475254e-01,5.374140035852594810e-01,7.551351143517917031e-01
-5.289737004754324623e-02,-5.365686640182220080e-01,-8.421970891874145382e-01
3.125034042079367080e-01,6.645071112814977532e-01,6.788018277927441169e-01
-5.890711936288827166e-01,-5.388038463878117579e-01,-6.022337950948473129e-01
-1.905024510290909689e-01,-6.895970950442813496e-01,-6.986878148775726993e-01
1.549557975785049446e-01,6.997665742161013336e-01,6.973632069493421737e-01
-3.120883238804584847e-01,-6.118015439730438709e-01,-7.268423136345915081e-01
-1.532637438881248038e-01,-6.207908501712060545e-01,-7.688491042806165909e-01
5.466957736884867636e-01,4.033704526690098935e-01,7.337683619131754043e-01
-4.683564923057697005e-01,-4.221693966997974168e-01,-7.761541062219309284e-01
-3.935076727368337912e-01,-7.144395030789126855e-01,-5.785567456504133732e-01
2.942328082188717664e-01,4.955920288463648848e-01,8.171998504108896055e-01
-1.344464552270239754e-01,-7.653018935129255462e-01,-6.294737186431365039e-01
-5.239756759289208032e-01,-6.151364620666565086e-01,-5.891151195402706264e-01
3.701218678134107765e-01,5.732128411157424441e-01,7.310518734989539524e-01
-4.557609395366967187e-01,-4.368904995093436106e-01,-7.755054206329595745e-01
1.675276773735769054e-01,4.419213284586139268e-01,8.812718177538577669e-01
-3.671161938353545429e-01,-6.062102424558382108e-01,-7.055032545392516674e-01
3.552598982142591844e-01,5.164505356431033922e-01,7.791464874814912900e-01
-3.127037217073478370e-01,-7.724011509651773633e-01,-5.528226156897371180e-01
2.307036216099923875e-01,5.987421431637363067e-01,7.669965351784384655e-01
-1.766931345035663570e-01,-6.117576480211579515e-01,-7.710590874290541574e-01
-1.080823601874019435e-01,-5.397756981689186828e-01,-8.348415413014480535e-01
1.632024300330632560e-01,7.922601102334789758e-01,5.879531312648476060e-01
-1.262917839796280917e-01,-6.761499135765610680e-01,-7.258592698792598608e-01
-5.313243120173807288e-01,-3.968467531115325575e-01,-7.484698591153094993e-01
-3.499822972430529505e-02,6.862360303017956964e-01,7.265364647640184526e-01
9.355443241823203915e-02,7.211048196002023403e-01,6.864804493386991169e-01
-2.896221085673909568e-01,-5.225756730883699408e-01,-8.018938209795707373e-01
4.357832409245324112e-01,5.167906145595044798e-01,7.368991977418083428e-01
4.501954696479399387e-01,4.086093013231245630e-01,7.939537001492584789e-01
-1.666618728424993923e-01,-5.986493783263113766e-01,-7.834811688676068808e-01
-4.452822395670889555e-01,-3.321903012025962942e-01,-8.314886234417437905e-01
3.537144775731807661e-02,4.262789689751491640e-01,9.038999398678126962e-01
2.408239151976713510e-01,3.020968440226017293e-01,9.223564054639881160e-01
-3.259197136877204359e-01,-5.033972662122343511e-01,-8.002296749057505876e-01
-3.406637108509727452e-01,-4.315978780744985643e-01,-8.352673271179922310e-01
-1.227890056495238996e-01,-5.747403080762480965e-01,-8.090713431855195426e-01
3.617737412156996069e-01,6.912220818453003179e-01,6.255651794467504967e-01
-2.260722422481095673e-01,-6.477575289465442587e-01,-7.275311161579132158e-01
3.450863316824924754e-01,5.903360757577066353e-01,7.296702963290421229e-01
-3.047959103104097012e-01,-6.191940893688129277e-01,-7.236699059300276682e-01
2.924831355595196580e-01,5.559554435487247259e-01,7.780534430242003197e-01
2.906662695611347269e-01,6.443376236983657801e-01,7.073486738703600452e-01
4.377334254926257828e-01,4.781000514112321298e-01,7.614524207375461540e-01
-3.678161235960319964e-01,-7.959650841826210188e-01,-4.807815345715157895e-01
5.385784993147957334e-01,3.955892186736354454e-01,7.439370740492808887e-01
-2.189756498304173404e-01,-6.924802795124485044e-01,-6.874014309467997297e-01
5.927138892534511427e-01,2.304939269261015444e-01,7.717271507056313595e-01
2.405994329792747813e-02,4.879606101301615095e-01,8.725339890742945803e-01
-2.004934251356179642e-01,-6.508417894582928520e-01,-7.322618053484120093e-01
-3.089533956243170620e-01,-6.484462628748135504e-01,-6.957479741227369230e-01
3.480941551595790329e-01,5.762185041934366758e-01,7.394610838771823458e-01
-1.955533157463714977e-01,-7.527364900169900563e-01,-6.286069338605023704e-01
-3.540127551083898094e-01,-5.196521086053874638e-01,-7.775838573700856182e-01
2.525738869918565110e-01,8.007171483964403702e-01,5.431928569796347084e-01
5.656410752729586905e-02,5.705430570027637538e-01,8.193174731723850135e-01
2.037722102427974857e-01,6.956906966527114378e-01,6.888333186799475705e-01
2.739638173010099931e-01,6.096723836804907037e-01,7.438033418768750238e-01
2.955145185156932697e-01,7.227617999720500341e-01,6.247291812038241465e-01
-2.584586908108965631e-01,-4.280473776067272862e-01,-8.660107087492170397e-01
4.756141839194115706e-01,6.574145347588217225e-01,5.844632388290250669e-01
3.683943801421119546e-01,4.435129261781216026e-01,8.170568309442306498e-01
2.196911967410865307e-01,6.278639839383648447e-01,7.466743572317948718e-01
-3.700937928606994332e-01,-5.744007250806045795e-01,-7.301331327318719699e-01
6.077291021148489847e-01,4.944797902132839207e-01,6.214137715832390718e-01
-3.049404997829536224e-01,-5.088457194198068301e-01,-8.050387105104086505e-01
5.383348038513573464e-01,5.493556257798787312e-01,6.390649696128855028e-01
4.128198629108287276e-01,5.323349210294169298e-01,7.390529701170878152e-01
-8.128601837029869603e-02,-5.432150620659172979e-01,-8.356494358056045790e-01
-3.745242313579903448e-01,-5.032953350858870856e-01,-7.787332057941867003e-01
2.190698620656167106e-01,7.731068317455280781e-01,5.952429942829594589e-01
4.661146367633814402e-01,3.252000652826692040e-01,8.227891971429185380e-01
-3.246754374774052931e-01,-5.981105824830912354e-01,-7.327002056916545047e-01
-4.339966774978958886e-01,-6.418270414654410061e-01,-6.322222178668719383e-01
7.219793921941188020e-02,5.787524970928100698e-01,8.123010554476137735e-01
-3.296898734339794856e-01,-8.137654715789893745e-01,-4.786338314629582924e-01
4.890007082284527490e-02,7.441069034588386755e-01,6.662684888979963915e-01
-3.303696478129691805e-01,-7.149691058534042298e-01,-6.161777937244397041e-01
-1.192337621809255316e-01,-6.236349808931400673e-01,-7.725689099119866787e-01
7.569727203052854791e-02,7.893798131528017015e-01,6.092203489657777027e-01
2.260384061871754946e-01,6.420189310688561024e-01,7.326106271939855086e-01
-3.934225162934222864e-01,-4.864062514239548274e-01,-7.801459365074255858e-01
-9.050435979288716515e-02,-5.141735770356976598e-01,-8.528977040283292066e-01
-4.122156910645823347e-01,-6.490073012554465892e-01,-6.394276714041008391e-01
5.704295817734630347e-01,3.278646714946400476e-01,7.530702818618348893e-01
-4.091113756956667458e-01,-3.339336849248824568e-01,-8.491855959381836572e-01
-4.866302778922348797e-03,-6.678202062645682835e-01,-7.443067184985054929e-01
-5.437217041258040062e-01,-4.195913398434326091e-01,-7.268492388321835529e-01
-1.747663331860451752e-01,-7.424600896011808171e-01,-6.466913824492412921e-01
5.242338830226713764e-01,5.662171886496154549e-01,6.360636219504286482e-01
4.173588506740016357e-01,6.303000847097234294e-01,6.546246198998261212e-01
-4.553592309482963896e-01,-3.382475365036159975e-01,-8.235511974609781571e-01
-4.188924289091108255e-01,-5.026196173826050773e-01,-7.562424566399251757e-01
3.640222857849709781e-01,6.467041831628511650e-01,6.702697031281917850e-01
-3.965048438269788700e-01,-4.697846550571558866e-01,-7.887244681728671214e-01
-4.400971652358828257e-01,-7.248833081342487272e-01,-5.299610124713778347e-01
2.367598879497303244e-01,7.214266238681947829e-01,6.507598495852132681e-01
-3.726454168999559502e-01,-4.096136401216756706e-01,-8.326776441635312942e-01
-3.376464459613549018e-01,-7.020417610422451382e-01,-6.270025863442423297e-01
2.507170258863291035e-01,-3.225155724895508169e-01,-9.127566370245967509e-01
3.102752343152884729e-01,7.092159571784301120e-01,6.330418667466440885e-01
-1.749559465162061067e-01,-6.066160305080949833e-01,-7.755046152726754460e-01
7.903708445514551206e-02,9.150895688774495218e-01,3.954291595374753721e-01
3.045842380894648316e-01,6.063414930230970334e-01,7.345600286879090390e-01
1.372059536238499911e-01,7.047379476790661679e-01,6.960739554036393661e-01
6.041559386960480005e-01,5.646410213467016881e-01,5.622954016803359822e-01
1.961168121997237668e-01,8.270256068170810382e-01,5.268461271011272151e-01
7.883642963810126580e-02,-7.239476399748476787e-01,-6.853354156446063161e-01
-4.523406798289851261e-01,-4.260567002961522243e-01,-7.834944782859711854e-01
4.330071780449674668e-01,6.386723493335446644e-01,6.360836532707819790e-01
1.068834038366763134e-01,-4.670266509201311811e-01,-8.777596740079895987e-01
3.469450259232740863e-01,6.855254578940566113e-01,6.400656181722641502e-01
1.331897871222149643e-01,3.944075974292772790e-01,9.092321638043852072e-01
-1.097422850340866451e-01,6.509033821590533009e-01,7.511866731841047029e-01
2.392946769327018441e-01,7.007132227125368873e-01,6.721153450915137162e-01
-4.630958646975879556e-01,-6.086684957791927975e-01,-6.442552928349815078e-01
-1.741094652181762459e-01,-5.077449517396587231e-01,-8.437303823522845914e-01
8.447731402165528647e-02,4.568245921910337182e-01,8.855364901488714802e-01
2.106582004778961292e-01,8.061142035392214744e-01,5.529945871559152071e-01
5.563096853561481092e-01,5.120029902354448215e-01,6.545016974530365461e-01
-2.387648060873775735e-01,-7.822997855504323361e-01,-5.753246152406521485e-01
-3.827837120039658259e-01,-5.079403552879403483e-01,-7.716691164575825157e-01
1.515928032909237833e-01,6.284762201401832282e-01,7.629136666155005297e-01
5.183866137436972110e-01,5.909556466599430458e-01,6.180992981488261373e-01
2.353381224835034424e-01,4.698132882008376754e-01,8.508181017913617472e-01
-9.671088212792539052e-02,-6.893341212449185518e-01,-7.179592429696372013e-01
-2.334902776724679385e-01,-4.232308138734428571e-01,-8.754187389018224241e-01
-2.678443464559100429e-01,-6.622517968330422500e-01,-6.997727943147071805e-01
2.401402005901526748e-01,4.892333226152315584e-01,8.384410772996406802e-01
3.180482758330583498e-02,3.988525207250470661e-01,9.164633760569335097e-01
1.321090487040099959e-01,7.990269181168880852e-01,5.866030884466508777e-01
4.153143242431658888e-01,3.726827345868463648e-01,8.298322670391363731e-01
-4.070248815285046895e-01,-7.128923797189151701e-01,-5.710649706954618043e-01
2.834565199722859918e-01,4.094020802165570516e-01,8.672037465322418592e-01
3.099144858651159962e-01,7.284182361531631456e-01,6.110318197037494237e-01
-3.120997428097727067e-01,-5.827369543947398256e-01,-7.503408508943230082e-01
-2.800217119734421667e-01,-4.602097752415086340e-01,-8.424932068542884123e-01
1.821985454314478114e-01,8.807023591148330777e-01,4.372265370402764750e-01
-3.885021882614214661e-01,-4.057773552155333197e-01,-8.272912351224167571e-01
-3.501516060940123021e-01,-4.270340569418951682e-01,-8.336880513486623068e-01
3.502823598123380178e-01,4.234287745606523101e-01,8.354701318888450023e-01
-1.759212607626834401e-01,-7.655420146812976778e-01,-6.188676221692065438e-01
-1.052574418458362970e-01,-5.137188592798109799e-01,-8.514774245723256696e-01
2.109096282522256727e-01,4.894094758479612950e-01,8.461651692552298876e-01
3.708907676923886565e-01,7.448083717088549438e-01,5.547076057464460641e-01
3.210634697662148040e-01,3.668321429705049264e-01,8.731279558377145200e-01
3.396795189851364860e-01,3.348706207976554494e-01,8.789081247255706719e-01
4.397252240104381760e-01,3.980346096774100562e-01,8.051150084726539369e-01
-4.352220023516845115e-01,-6.462044398024119340e-01,-6.268984213161181707e-01
4.260486280820339755e-01,5.145691838030448384e-01,7.441109605359168544e-01
4.898571117672989028e-01,4.545507695001472226e-01,7.439244639059963138e-01
1.614631111946491504e-01,5.847305775837866593e-01,7.949967392146182199e-01
-2.064784031734720471e-01,-5.793295160388470810e-01,-7.885074386897871213e-01
-2.162580682909058805e-01,-5.804422197873082556e-01,-7.850600469947939253e-01
-1.128966116290760907e-01,-6.702695001702705380e-01,-7.334801648471276359e-01
-2.059326292134327357e-02,-6.983068160417816861e-01,-7.155022768599984540e-01
-2.126680682733147199e-01,-4.056406808987181312e-01,-8.889476535414900793e-01
-4.421051714300552327e-01,-4.673473883381797367e-01,-7.655909064299837308e-01
4.499249430830618013e-01,6.452693317122027983e-01,6.174099409172083552e-01
1.449651965421215605e-01,6.074446180244640336e-01,7.810224886804586486e-01
3.586883521783003625e-01,5.499953433707434058e-01,7.542199866631178473e-01
3.342182331978557630e-01,5.313306611755359565e-01,7.784509625486190076e-01
1.178630070818548481e-01,3.277066239959596783e-01,9.373988906281004452e-01
-4.120292806159896459e-01,-5.008720733343685616e-01,-7.611563821376006178e-01
-9.227666747749385017e-04,4.521140474180460611e-01,8.919596608753878053e-01
-4.319494178564199927e-01,-5.163842632203595739e-01,-7.394369432966317879e-01
1.798545431356958768e-01,6.575466038198325425e-01,7.316316061505642176e-01
-3.044630943295889569e-01,-6.619939437323827391e-01,-6.848841089212823752e-01
3.777950076458714279e-01,4.754004042310682188e-01,7.945221128796812193e-01
-3.411531383534770479e-01,-5.017694438467603657e-01,-7.948848730560207354e-01
-1.776121068922541513e-01,-6.911783520627167166e-01,-7.005186829237046719e-01
1.383264135757873992e-01,7.823684236917983759e-01,6.072606136719809200e-01
1.247013945513796712e-01,7.677096843065772669e-01,6.285470569645812411e-01
2.273955156228364971e-01,8.778790752087121119e-01,4.214494142661971976e-01
-2.357461905450793094e-01,-5.817072418257195343e-01,-7.784859783265187794e-01
2.885807754451742979e-01,6.404614259657511743e-01,7.117094195620700114e-01
-5.127569450059296097e-01,-6.216477673742756282e-01,-5.921438749719228900e-01
-2.168774141511885245e-01,-5.798331898811817098e-01,-7.853392000551783214e-01
-4.783916963516918752e-01,-3.761255180937336240e-01,-7.935181028183736496e-01
-3.002301603736401980e-01,-5.679825752354695778e-01,-7.663273745801479908e-01
-2.909521231312474643e-01,-5.872646086474057059e-01,-7.552927521667534005e-01
3.898581588429002043e-01,4.685879903580987826e-01,7.927394977391895026e-01
-4.973458081910551998e-02,-5.565911053445625756e-01,-8.292965771797602414e-01
-4.972521767759557343e-01,-7.027577632534062202e-01,-5.087944564150074234e-01
2.918329739962320368e-01,7.645165282190949929e-01,5.747590741939931913e-01
-3.954293153936445648e-01,-5.322072838012330553e-01,-7.485927221101119633e-01
-2.233765660099125971e-01,-6.808644190707398014e-01,-6.975145536840670069e-01
-1.239923910951206687e-01,-5.782591219650218273e-01,-8.063760132932753510e-01
-3.448373840821508662e-01,-4.062523375670596959e-01,-8.461951410642104543e-01
-4.244708429624316492e-01,-7.270727783243104980e-01,-5.396199389334411789e-01
-4.146800502478705241e-01,-5.374934813470521044e-01,-7.342623600838120712e-01
2.142653924218834369e-02,-7.919069327404564262e-01,-6.102657726709775909e-01
-4.109471601938037566e-02,-4.375077923790675616e-01,-8.982751003578365312e-01
-2.503474938131637906e-01,-5.409731713871971381e-01,-8.029160355733009347e-01
2.393032005122153472e-01,6.278875471651729212e-01,7.406019216417908391e-01
-5.790538398546849486e-01,-6.096313216029976001e-01,-5.413375123433873393e-01
-9.525739610022114501e-02,-7.465806898702608274e-01,-6.584400519417475950e-01
5.173721794414777309e-01,5.942759853929217018e-01,6.157613832689147193e-01
4.075702729111812528e-01,4.699020257128430078e-01,7.829933325834083080e-01
2.214565451196468249e-01,7.124301110524435821e-01,6.658831244966888496e-01
2.289474465337979769e-01,3.794238991220353907e-01,8.964488671980602730e-01
-3.402466960973888344e-01,-5.762104071651175108e-01,-7.431108614933714662e-01
-1.162376690481966568e-01,-7.864508627773766358e-01,-6.066167197917987641e-01
-4.181940183387000687e-01,-4.085799087765264459e-01,-8.112806056907168051e-01
-1.062217792260302524e-01,-5.328927085295089849e-01,-8.394893059557938519e-01
-3.035314850269928977e-01,-4.917517406584668294e-01,-8.161181673977588868e-01
9.849071933739365903e-02,-5.516709057889582768e-01,-8.282262914870509585e-01
-3.912666777674681517e-01,-5.223428381897455841e-01,-7.576729810813432886e-01
4.419989061986906997e-01,4.465685096812479493e-01,7.779547114583407197e-01
-4.530941591676214131e-01,-4.951708389876580130e-01,-7.412904445252515018e-01
-3.735138025356931624e-01,-4.571137426468728227e-01,-8.071768490229980220e-01
-2.785959464384272777e-01,-6.995890267460102008e-01,-6.579965746754669054e-01
8.597799647489655361e-02,6.215284330419581504e-01,7.786592265186170758e-01
1.961165573377904037e-01,7.056695582154126622e-01,6.808588477401446015e-01
-3.703615817735491089e-01,-6.687465765461072520e-01,-6.446784586939880990e-01
2.251832755829204502e-01,8.885701253808863109e-01,3.996693942227034224e-01
1.666606180919379121e-01,6.191473123730776296e-01,7.673857204551098876e-01
3.616814908568743991e-01,6.336505048706285725e-01,6.838666074964810937e-01
-5.671555425617484936e-01,-4.022740979045336118e-01,-7.186863994097719699e-01
-2.648548551786377714e-01,-4.561970377607448834e-01,-8.495505684929087753e-01
-3.756400035832535012e-01,-7.010547724863157582e-01,-6.061491513498415973e-01
-3.441491664349451973e-01,-5.643768274505291949e-01,-7.503600121801587974e-01
-2.367290662078037344e-01,-6.497346677712394492e-01,-7.223601668894669148e-01
-3.615580487967341994e-01,-6.987686485461245267e-01,-6.172504784601798855e-01
-9.524212267810525101e-02,-7.415359067226258150e-01,-6.641185414583921087e-01
4.989614282959417002e-01,4.663724241623350419e-01,7.304342920850722676e-01
2.188642986566888826e-01,5.631227669275037373e-01,7.968633309052615132e-01
-5.317267624057843145e-01,-5.471493238530699132e-01,-6.464474205599330947e-01
2.277659273571413234e-01,5.958799394907906555e-01,7.700972536294317106e-01
-5.279371354711986930e-01,-3.840964941354167994e-01,-7.574643649593998385e-01
-2.037821874093030949e-01,-6.636783399582449894e-01,-7.197248649066863013e-01
-3.192215522246963921e-01,-6.731791912717869364e-01,-6.670287677708648388e-01
-4.539607844718868135e-01,-5.597981854370399635e-01,-6.932139624553637081e-01
4.184167094613988613e-01,6.389718478347765629e-01,6.454784542632746591e-01
2.924585489658293458e-01,5.752044650411768378e-01,7.639422887453574118e-01
4.278411269910316617e-01,4.154982276814481734e-01,8.026912188685131344e-01
5.597667340082489451e-01,3.937608841796189085e-01,7.291183508785269440e-01
-2.177036181701858253e-01,-6.150038712805381280e-01,-7.578755656079441128e-01
5.839783998401091303e-01,3.004650603934897468e-01,7.541153598773346900e-01
1.681817256206872835e-01,4.683128303520835978e-01,8.674087848845367654e-01
-2.818537607103523968e-01,-5.777680544577592503e-01,-7.659912093630887320e-01
-1.876484139892163894e-01,-4.392906132454710844e-01,-8.785282180110948191e-01
1.021418126760794548e-01,3.357639789292680699e-01,9.363917986381720127e-01
4.498378849775137578e-01,7.950875065426677990e-01,4.067944618338851237e-01
-1.620319327436635648e-01,-5.019828931239255221e-01,-8.495639044723396482e-01
-2.644121131142846415e-01,-4.148195047493810073e-01,-8.706382790332142241e-01
1.598634875684255552e-01,7.512674549286750825e-01,6.403443421374558353e-01
-2.019744324255657447e-02,6.337487343728422928e-01,7.732752452828711709e-01
-1.958129700698094111e-01,-7.989530138622880084e-01,-5.686223372263935483e-01
-1.566503693801864217e-01,4.425011165112944234e-01,8.829798546169155271e-01
2.754757563615802263e-01,4.693787038929754241e-01,8.389259442815948375e-01
-2.280301163353743721e-01,-7.585702980882076396e-01,-6.103878839741524454e-01
-3.960482305900764333e-01,-7.377582483078645170e-01,-5.466795826626241750e-01
1.471997467068164867e-01,5.778819316361898384e-01,8.027357645314399104e-01
3.105462005190864905e-01,6.686557676265747485e-01,6.756186215335360234e-01
4.233620850113167799e-01,4.643887314803822330e-01,7.778866569423286137e-01
4.191545102857200944e-01,6.097567197936040184e-01,6.726858398789754556e-01
4.995308659686822916e-01,5.648849180216637400e-01,6.567906388920570215e-01
-2.608341431287151124e-01,-4.766849410760749528e-01,-8.394861623216953728e-01
2.668263366513580204e-01,8.343383023499545414e-01,4.823725772688700619e-01
-2.471176740366630431e-01,-5.453758036931345421e-01,-8.009357576764676301e-01
-7.123181465354644359e-02,-5.427558439459596595e-01,-8.368644588245290894e-01
4.005890054954261981e-01,6.158545213813015895e-01,6.784184970727089592e-01
-3.656978193992759807e-01,-7.170301962695984077e-01,-5.934077877178524085e-01
1.224013374139863441e-01,6.257061469950349064e-01,7.703958269694192174e-01
-6.374308817534685145e-02,-5.931828595633423795e-01,-8.025402879794423239e-01
4.453041231292200197e-01,5.138747634676343878e-01,7.332373186051014402e-01
-1.846987549557467245e-01,-2.236366274488604811e-01,-9.570125541397546121e-01
3.991595307308536955e-01,6.065601965295874809e-01,6.875728303334220914e-01
3.091923279935039348e-01,5.938224664997625579e-01,7.428155777782906588e-01
-1.762528902873246595e-01,-4.836141743995393538e-01,-8.573518816595764314e-01
4.459574571291075040e-01,7.162245153637821771e-01,5.367908252036871497e-01
-3.813499027292304167e-01,-4.685919993040128517e-01,-7.968649759380032060e-01
3.852980049733677470e-01,5.245215199511333859e-01,7.592250143874972323e-01
-3.052486863242861448e-01,-5.754175202528167832e-01,-7.587607771118621836e-01
-1.434976794777030329e-01,2.864490442280783200e-01,9.472884254783940916e-01
3.454177631866869325e-01,7.611766753223441206e-01,5.489049442483902030e-01
-2.163202244701288302e-01,-6.639464205352492154e-01,-7.158077333639412121e-01
1.420722885263906721e-01,6.801064604555565607e-01,7.192153135740984027e-01
-3.853193576540507315e-01,-5.498483373714457834e-01,-7.410774578321259742e-01
2.982901386648056374e-01,6.423877266920501317e-01,7.059468831086025409e-01
3.387686039816005801e-01,6.085447318010402951e-01,7.175716984061992765e-01
3.534695271809077943e-01,3.870954256119095160e-01,8.515963978463273465e-01
1.878669059810086917e-01,5.966052619319153205e-01,7.802359816570072493e-01
1.309860218534035503e-01,7.010318709379976809e-01,7.009971312410560040e-01
-2.709513270017614439e-01,-2.702926570747964385e-01,-9.238653895061936794e-01
-7.525740679815828837e-02,-3.134391814644702512e-01,-9.466214672427937238e-01
-5.326100683181207440e-01,-5.622834206033836546e-01,-6.325850694102138627e-01
8.800713938974419337e-02,5.511198496158683513e-01,8.297720498882913409e-01
2.266796136295830544e-01,6.214065191459156035e-01,7.499801935569364586e-01
-5.208980650062029483e-01,-4.917647585914542985e-01,-6.977339235555930497e-01
2.513734483776380313e-01,4.682420486226386291e-01,8.470895899209301971e-01
3.117473801835420888e-01,6.919307427208206684e-01,6.511876981535442699e-01
-1.604598298761392428e-01,-6.061136976087305728e-01,-7.790242798316320272e-01
-2.432621646771297719e-01,-3.294131864486886663e-01,-9.123105128355798454e-01
-3.783755191487043756e-01,-2.940832235498762048e-01,-8.776941518179678381e-01
-4.740486898805560401e-01,-6.067650617257853707e-01,-6.380548561772978466e-01
2.635068831622363605e-01,4.239707899187035167e-01,8.664945999957727185e-01
-3.580717875477363865e-01,-4.452115401077856305e-01,-8.207138840772845167e-01
2.037867681204692805e-02,7.562461629369547911e-01,6.539697627371797717e-01
2.142671455811054892e-01,7.505586278800910893e-01,6.251010609807666762e-01
4.396689774325572286e-01,6.654752879868092164e-01,6.031863985222831737e-01
2.899037825230033061e-01,3.766368593948511423e-01,8.798297977586565510e-01
3.941140437735853319e-01,5.970423238752419204e-01,6.987235390353491171e-01
-2.353822232910335877e-01,-6.694407086143642216e-01,-7.045880687383714314e-01
-9.995806007013549599e-02,-6.127853094502838660e-01,-7.839021308485742967e-01
9.064698068751184112e-02,5.900790445065312584e-01,8.022405163830215180e-01
-2.309151652950406364e-01,-7.837934054023775188e-01,-5.764946522601127610e-01
3.402691217918980549e-01,3.988448268265968877e-01,8.515513659601705587e-01
3.528691416504028400e-01,5.644583743417461719e-01,7.462373030788403971e-01
3.515269676908582275e-01,4.821707027473162155e-01,8.024588490372758232e-01
-3.000676526417001000e-01,-5.930116963267889618e-01,-7.471924329499893824e-01
-2.289034676307558913e-01,-6.078444540145513386e-01,-7.603475009693708708e-01
5.677050690170238889e-01,4.794071006761215781e-01,6.692382135186925041e-01
-3.265838303585064106e-01,-3.850782420688323993e-01,-8.631672776661220015e-01
-3.466027123357506845e-01,-6.155388137019366379e-01,-7.077983672119576575e-01
4.065993231093995020e-01,5.583862207312462189e-01,7.231056761943263078e-01
5.994353404244923134e-02,3.701679946808510979e-01,9.270288174811285309e-01
3.525702720174008209e-01,5.379451592834744167e-01,7.657083053572379949e-01
4.277127777466457892e-01,6.762994869529742603e-01,5.997339274206453519e-01
5.240901506722309700e-01,5.618663707819079312e-01,6.400278863867774337e-01
-2.733880536147451079e-01,-6.502502582903264550e-01,-7.088254889139534720e-01
3.563070711658667955e-01,7.207857627592045846e-01,5.945697227750784686e-01
1.541917175448891120e-01,6.536191599995737622e-01,7.409500036588223537e-01
2.506898044710931805e-01,5.299703046378276827e-01,8.101148672480547042e-01
-3.378129827650588335e-01,-8.051089662450277018e-01,-4.875263491825205797e-01
-3.981035647860537430e-01,-3.787749367825589131e-01,-8.354897360051797284e-01
-2.065923768125411120e-01,-9.058376399901664211e-01,-3.698347736760169702e-01
2.736791509470345996e-01,5.516066869585785071e-01,7.879275253724108419e-01
-5.550665721723362089e-02,6.126447084207709004e-01,7.884069204722883306e-01
-3.092136505800952007e-01,-3.649343029862736065e-01,-8.781855571568307761e-01
-4.729324766380020306e-01,-5.244619242049581853e-01,-7.080074594241774211e-01
-5.836127816805969371e-01,-5.968034339380173803e-01,-5.506557747802398595e-01
1.898349784683592278e-01,5.540175106460070165e-01,8.105721922491045950e-01
-3.671732673871022090e-01,-6.318929293184334384e-01,-6.825651013593129202e-01
6.162259369039302381e-02,6.488565026271613245e-01,7.584114285434506719e-01
3.375122420124899714e-01,4.288542272958915658e-01,8.379555705538010990e-01
-2.897125594561093531e-01,-5.412322803966117535e-01,-7.893885301612089123e-01
-3.912872223740844757e-01,-5.920225236269859304e-01,-7.045591821310035474e-01
-2.483612459774774406e-01,-7.128014837450508123e-01,-6.559197635895483991e-01
-2.902993613740771917e-01,-6.776969498223751609e-01,-6.756131474351666499e-01
-2.808128744891470463e-01,-5.189925005108353417e-01,-8.073356885055021914e-01
-3.848736181598889083e-01,-5.222597272619113884e-01,-7.609974213654273623e-01
-2.371141077900155436e-01,-5.251873878499163650e-01,-8.172852057454157437e-01
-3.794420328821970778e-01,-2.657425254210583065e-01,-8.862305872994137301e-01
2.940532504950078563e-01,7.589515445116858938e-01,5.809692237603010234e-01
-1.717510330786865824e-01,-5.633150775621275086e-01,-8.081941017030366270e-01
4.590453539273881556e-01,5.583960811413403169e-01,6.909928940326900415e-01
-2.468694948100972897e-01,-6.798941453430583648e-01,-6.905066282523576460e-01
-1.285176298194906086e-01,-7.039854583664434395e-01,-6.984895799037870168e-01
1.367428366999620670e-02,6.865169880805653824e-01,7.269851711299905039e-01
-2.715999712552369383e-01,-5.376946901364645370e-01,-7.981966398157824827e-01
2.797629088204224845e-01,3.626466270802155556e-01,8.889432708084802348e-01
6.067845195935490654e-01,2.661458599430397420e-01,7.489852655538729032e-01
-2.833093276661860505e-01,-7.587040455376632409e-01,-5.866037812204393243e-01
5.779681407613135313e-02,6.562482020295633545e-01,7.523282698500800558e-01
-2.820473920548964286e-01,-5.093613913703131102e-01,-8.130192135591447489e-01
-3.227871488492652374e-01,-5.484135645146188676e-01,-7.713955008905174493e-01
-1.535307792967279539e-01,-7.527792326667950285e-01,-6.401185254889369958e-01
-3.345073001759852338e-01,-5.540009120100474194e-01,-7.623567771201413823e-01
5.054991672344147924e-01,5.703281573716071362e-01,6.474537704225841184e-01
4.956531847550297853e-01,4.141411626584977634e-01,7.634232232740001400e-01
-3.913317010157249531e-01,-4.597101529827907762e-01,-7.971988930152112962e-01
-3.232888079395505043e-01,-2.913188948233755293e-01,-9.003430724895435944e-01
-2.187862717556944281e-01,-3.275866756187345019e-01,-9.191406515046048886e-01
-2.590156175478205980e-01,-2.566406271102908976e-01,-9.311533162604093139e-01
-4.643943355244826154e-01,-4.188297555416463092e-01,-7.803329654741615329e-01
-2.160344104468247262e-01,-6.785753983003037781e-01,-7.020431342335575753e-01
-5.425985690320656724e-02,7.725847023440486350e-01,6.325889231031488480e-01
3.310591366386753664e-01,3.998569410496649601e-01,8.547012780746614524e-01
-4.091647520005528005e-01,-4.412962292821590582e-01,-7.986500132984875044e-01
-2.279168741327774472e-01,-6.877101915531076415e-01,-6.892812132355934374e-01
2.992743223665688124e-01,4.029915825503054272e-01,8.648888161871625124e-01
2.155996928385340017e-01,5.239927774812926931e-01,8.239832168165626136e-01
-1.773480845724431931e-01,-6.468036115045048273e-01,-7.417497860082031824e-01
3.333635984613543823e-01,4.392649959280464644e-01,8.342151848133849690e-01
-3.125303335654024406e-01,-3.159503338512325010e-01,-8.958237422287896878e-01
4.718734996808144899e-01,5.083373643806551323e-01,7.203669372434503559e-01
3.984156652036176527e-01,6.005902563096227054e-01,6.932216829747180897e-01
8.071826716598773377e-02,-7.162816019930277056e-01,-6.931271369611944344e-01
2.160709151333498751e-02,-6.114146136126950015e-01,-7.910153625923920240e-01
2.046554986945213761e-01,5.639403800798911126e-01,8.000546072421835797e-01
-2.272075561918603104e-01,-7.359753473747532304e-01,-6.377436902596012036e-01
2.331715138208369509e-01,4.539427170958295621e-01,8.599808455646875682e-01
-4.641746730010634647e-01,-4.582444352775148499e-01,-7.579933446156021937e-01
-1.110317826476662356e-01,-4.210952464701707143e-01,-9.001948326014249657e-01
3.132467597530062542e-01,5.407633158549643992e-01,7.806737498659643837e-01
-7.422032984159750157e-02,-5.967000761382382779e-01,-7.990246315194704518e-01
3.171563892071059820e-01,5.270240501527356791e-01,7.884525828137780579e-01
-3.702346487598870972e-01,-5.329108225948775424e-01,-7.608760477363537555e-01
-1.687834796464287024e-01,-3.999870231112317986e-01,-9.008454464230024605e-01
4.654701241539693224e-01,2.678439500133867890e-01,8.435621980395486830e-01
1.594936023757545784e-01,6.260322898676291548e-01,7.633121005488499033e-01
3.275683391159978641e-01,4.940143497246870519e-01,8.053873636175831185e-01
-9.687220987336898903e-02,-6.598393761044075712e-01,-7.451360766305683558e-01
3.407731708590774344e-01,5.949101241622393177e-01,7.279804875076797410e-01
4.512183327852088977e-01,5.696312519650421624e-01,6.869659765543524310e-01
1.696547860669308516e-01,4.763783470442222168e-01,8.627171749953738145e-01
-4.082407646293941816e-01,-5.389115948078792018e-01,-7.368268257035948121e-01
-3.417840658216230731e-01,-4.378003838980099593e-01,-8.315734941718593287e-01
4.028583189265546455e-02,7.670578091068983584e-01,6.403119311998192176e-01
2.876768132495657326e-01,7.498357431626322400e-01,5.958090376910352148e-01
4.543598904941789640e-01,4.018510681015454167e-01,7.950300679696113981e-01
-2.158577881255832331e-01,-5.601593628009573500e-01,-7.997667807379574834e-01
1.947436237867315179e-01,4.119801937668160496e-01,8.901388885664242023e-01
4.645803709066099740e-01,6.427071550730522054e-01,6.091736959079734337e-01
-7.227575995815012366e-02,7.419588630873455992e-01,6.665382659747342009e-01
-2.265034054388957718e-01,-7.079380403639746744e-01,-6.689693104546714508e-01
-1.055775454565384686e-01,-5.573023636661825764e-01,-8.235699468457180483e-01
3.545414220742971745e-01,5.381082185661092421e-01,7.646828918873125325e-01
3.934790097336225423e-01,6.221767011046422935e-01,6.768089992764517726e-01
-2.870833263133129032e-01,-6.550885035880925633e-01,-6.988864115287961587e-01
1.821405126228893834e-01,4.395450750063372158e-01,8.795595265240122584e-01
1.333979491900310899e-01,5.193661471040552646e-01,8.440757029995490379e-01
5.445644196333722098e-01,7.292221269844543219e-01,4.143485035397576621e-01
1.980084969750014745e-01,6.723139993106886925e-01,7.132927319527153642e-01
-3.177103177194869899e-01,-6.001318392832621917e-01,-7.340994002811004338e-01
-1.829494769328645076e-01,-6.827469565713314426e-01,-7.073797298358045493e-01
-3.146250605739883688e-01,-7.258651795552287789e-01,-6.116623352537489122e-01
-2.253384563265520835e-01,-3.172006982755842253e-01,-9.211982941331624541e-01
3.587463479336934213e-01,5.616101015636510985e-01,7.455837656936360469e-01
3.894936016649488963e-01,5.297012791281062727e-01,7.534661831509853469e-01
-4.656192477219267545e-01,-5.900981233982844909e-01,-6.595323501638793440e-01
-2.286607258973112622e-01,-5.761229756199014451e-01,-7.847270795601392068e-01
-1.428203621895542674e-01,-8.222948791677640035e-01,-5.508479607282912305e-01
4.665024138224677097e-01,5.513794564848533142e-01,6.916329900057390789e-01
-2.771999729235704590e-01,-5.516714684086082565e-01,-7.866503454235952431e-01
3.473997985411713119e-01,5.543481989861437365e-01,7.563143885014831369e-01
-2.454688004745342322e-01,-6.789217989784769314e-01,-6.919611686109430337e-01
2.088135760894321569e-01,3.355969726722435320e-01,9.185703905384543511e-01
-3.706478210732417899e-01,-2.998223316927542403e-01,-8.790487825780649578e-01
-2.474910107725420139e-01,-6.274142661759530837e-01,-7.383085656997864232e-01
-1.627751772174342859e-01,-3.289560907599911044e-01,-9.302107997834347941e-01
-3.458157235332675050e-01,-3.700034767872741326e-01,-8.622696286675599620e-01
6.325175529051481060e-01,5.940089761779786537e-01,4.970662747429888118e-01
2.865333381909507815e-01,4.902953716292128283e-01,8.231094062541882694e-01
2.534688141161484665e-01,6.031872735241103900e-01,7.562530484759075744e-01
3.375691938337706532e-01,5.829814466601027645e-01,7.390396959734381044e-01
-7.454057554759338511e-02,-5.566700220805669286e-01,-8.273827343580809623e-01
1.877209129664641485e-01,7.821222474269249325e-01,5.941764459442102631e-01
-1.957151707073505331e-01,-6.244731216356929071e-01,-7.561275635166105902e-01
1.282910949479397766e-01,6.025312162768168278e-01,7.877166548760020648e-01
-4.504093287767297893e-01,-7.220408891090288606e-01,-5.251555874267536117e-01
3.268570050963141016e-01,8.303039407651213732e-01,4.513976785157163274e-01
-2.847753853048006767e-01,-3.260755410078890471e-01,-9.014309299557646815e-01
4.849899130597813968e-01,3.834381700088235201e-01,7.859770696467869300e-01
-3.027567483057256315e-01,-6.063563523909130115e-01,-7.353028799552809858e-01
3.736007261865240681e-01,7.468909709007104381e-01,5.500694274179361853e-01
-1.864754083352460345e-01,-5.181146257561669577e-01,-8.347359802139538987e-01
-5.689220739175376851e-01,-6.439902792655757269e-01,-5.114725740651333563e-01
2.433362566279131389e-01,5.790065251928919743e-01,7.781638066592196923e-01
-8.251775481430502490e-02,-5.945443501282361431e-01,-7.998173765748026742e-01
-2.859196920404139530e-01,-5.752353764152444704e-01,-7.663903649080714420e-01
-4.859896587789750977e-01,-3.794063636920194105e-01,-7.873149704850622710e-01
4.081111945418365305e-01,5.474790620017558895e-01,7.305559044722812478e-01
2.026801567830590345e-01,6.664464332326165419e-01,7.174746724992585589e-01
5.194743897076486983e-01,2.311734225073105164e-01,8.226209377131865619e-01
-2.756766098143116905e-01,-5.402158551180705759e-01,-7.950907097182934313e-01
4.725781657604585240e-01,5.519731059239600945e-01,6.870193356690459385e-01
2.007413583123802969e-01,-6.591231545426879945e-01,-7.247479383955477417e-01
-1.344520602495430928e-01,-5.026731227278776748e-01,-8.539568930465152308e-01
3.086624157403879964e-01,3.233999860025546513e-01,8.945054288056921710e-01
-2.475106800239042781e-01,-7.029266287293580717e-01,-6.668077818211810559e-01
1.144421813906434243e-01,-7.867409732707488779e-01,-6.065819219986251509e-01
-6.634608185922907797e-02,-6.821266211038271576e-01,-7.282180100789903410e-01
1.725590034691072694e-01,3.035920308909948462e-01,9.370460336083974440e-01
2.848776699805923296e-01,5.114005544233807266e-01,8.107491511447221244e-01
-3.867129097906606416e-01,-5.647484948889788248e-01,-7.290488755370748697e-01
3.424735630183923796e-01,5.014072205569338747e-01,7.945455668536935967e-01
-3.144145950957869529e-01,-5.937583743610030940e-01,-7.406716244510324065e-01
-1.568595008152759429e-01,-4.195342385696692600e-01,-8.940839556058202131e-01
-3.920447098021082044e-01,-4.068792943349224256e-01,-8.250758664254433938e-01
-2.203021743029670299e-01,-7.417735370656900473e-01,-6.334342678656093018e-01
-5.093529304424561366e-02,-8.346369703492186876e-01,-5.484402644306620722e-01
3.017366412374329343e-01,7.293125476495250226e-01,6.140506552196748347e-01
4.263871735527547946e-01,5.972947033693505325e-01,6.792886099123203181e-01
3.493123212178527726e-01,6.281710442811053730e-01,6.952568168469700494e-01
3.631481709473823871e-01,4.674227871227955577e-01,8.060020744488989308e-01
4.905868452612149322e-01,7.611997953992941657e-01,4.241455159974245603e-01
-4.662169092805319992e-01,-6.432456936994024321e-01,-6.073522627257452733e-01
-3.766027721901075709e-01,-6.144822513561007948e-01,-6.932401566175055985e-01
-4.654855498393249968e-01,-6.467497876809312762e-01,-6.041836765632214723e-01
-2.797792502865082409e-01,-5.088817766715333368e-01,-8.141025171811858696e-01
2.887150189800833933e-01,5.924860914440429616e-01,7.520663995025248516e-01
-4.840144765671665072e-01,-7.485544662589534992e-01,-4.532065726765059366e-01
1.933241332708282578e-01,5.710330956345834874e-01,7.978389456432093407e-01
-4.491075846084446876e-01,-3.966497858370515717e-01,-8.006068478614142281e-01
-1.757503947830511559e-01,2.252860675692394399e-01,9.583099636823096956e-01
-1.323929513873283170e-01,-5.344249677702784806e-01,-8.347826425164155406e-01
-5.028562586634034437e-01,-4.581726050995765243e-01,-7.329484613936451121e-01
4.368674416371504665e-01,6.320439371198460776e-01,6.400525759556436878e-01
-1.903865460284479283e-01,-7.857715468674476567e-01,-5.884862268778229266e-01
-3.179344828602482242e-01,-7.057691378229277168e-01,-6.330936650331195903e-01
2.826355895610509483e-01,4.469326785393989421e-01,8.487451351065734562e-01
2.890981335481718206e-01,1.438735685858234803e-01,9.464262599068897774e-01
-1.882946525602202659e-01,-5.631805396190218138e-01,-8.045948070996068457e-01
1.349606373121424174e-01,6.309089688240614446e-01,7.640284676853736912e-01
3.315345204831164350e-01,2.972956911479044395e-01,8.953770902546701604e-01
4.374067493349901303e-01,4.555614532337866063e-01,7.753316051624088434e-01
-2.606406554687258903e-01,-7.815766831783992341e-01,-5.667489188597409910e-01
-3.281628080254116453e-01,-5.002006817250151949e-01,-8.013166973367689128e-01
-2.567475909099120046e-01,-6.279596033451482207e-01,-7.346750377742261584e-01
1.000639550830634272e-01,-3.848589908155103378e-01,-9.175351557742089659e-01
3.489989670664093158e-01,6.077315163620574667e-01,7.133457261432591956e-01
6.624767714984622358e-02,6.589162631152734040e-01,7.492934027965637567e-01
3.524495711769030093e-01,5.922967923693631676e-01,7.245438630795105750e-01
-4.632035117540360680e-01,-6.211990769412256697e-01,-6.321030086197166886e-01
-5.549039711870756841e-01,-4.796199714774494471e-01,-6.797398515026049637e-01
1.247774234698571377e-01,6.005203851303592133e-01,7.898138145380271258e-01
-2.585250070336671535e-01,-3.806259797620572538e-01,-8.878562295036377394e-01
5.604295474115146558e-02,5.214762385247793119e-01,8.514233493849748813e-01
-2.323462424298237960e-01,-4.135281021896958231e-01,-8.803463706565332059e-01
2.120006019104011818e-01,5.385222633237702894e-01,8.155056815830724615e-01
2.213468574555295110e-01,6.178303408132492791e-01,7.545139088612917710e-01
-3.319593057915563028e-01,-5.075683760638645126e-01,-7.950958199602607968e-01
4.539241515153978890e-01,4.348288589970291107e-01,7.777382130603895938e-01
3.640722524454200748e-01,6.387605376058530515e-01,6.778173578456071491e-01
2.729091959111610288e-01,5.452116212315961663e-01,7.926316034963141188e-01
3.437029953268765925e-01,4.961373681364872334e-01,7.973179810727542005e-01
-3.106378849146153587e-01,-6.844901330313759580e-01,-6.595281360476317190e-01
-4.881978654891604985e-01,-4.639968600572542679e-01,-7.391682880026958502e-01
6.022887262251212792e-02,4.422063132573207378e-01,8.948888531085801290e-01
-2.066494882346291417e-01,-4.468105275075192062e-01,-8.704345704995972710e-01
-2.038875774507751260e-01,-6.540894685699516486e-01,-7.284207732259786461e-01
2.684726299986791576e-01,6.937181053041167056e-01,6.683394626347144429e-01
2.077652767543657908e-01,7.790869378824415437e-01,5.914872213295420122e-01
3.253946669762766142e-01,7.443731376875313277e-01,5.831182921094291149e-01
3.622305825164391369e-01,5.886256583981216428e-01,7.227093740675978317e-01
-1.827478805391013483e-01,-6.357540222276787389e-01,-7.499466883584423593e-01
-2.536291332865750481e-01,-6.508497146095248986e-01,-7.155885072728606078e-01
2.895239518010302437e-01,7.929369028060188063e-01,5.361221404697933401e-01
-6.168870514305856423e-01,-6.113014832465978321e-01,-4.957427380787207682e-01
-1.410977138898821537e-01,-5.723333329212012544e-01,-8.077908090355808701e-01
4.236784431551122165e-01,7.035570677676096230e-01,5.705296041397880380e-01
-4.997482886984412898e-01,-4.954340799238506343e-01,-7.104904787490025075e-01
2.156953485671374293e-01,6.680824256431078245e-01,7.121386024878320065e-01
4.049066912435519416e-01,5.644608603396513713e-01,7.193292073389064845e-01
2.209415280139586102e-01,4.890598071246516909e-01,8.438040923425624840e-01
-3.907562720952922342e-01,-6.351825186883877095e-01,-6.662227133405659307e-01
-4.835680348907083759e-01,-6.489682854885147067e-01,-5.873688109374178845e-01
-3.034521153472120036e-01,-7.280449227573041471e-01,-6.147092029070441166e-01
1.352424249081383978e-01,5.436161015850533573e-01,8.283664772324117465e-01
5.029188989825861267e-01,3.299695836353375711e-01,7.988696107135787594e-01
1.542106443498617585e-01,5.103972391351484506e-01,8.459986616138460702e-01
2.446448517002950407e-01,6.010155421531618858e-01,7.608739807792624932e-01
-3.109626939134003121e-01,-5.360170770382489680e-01,-7.848489638889082354e-01
2.406298244031431777e-01,7.094172422672637701e-01,6.624382718273628123e-01
2.381286059766407337e-01,7.353805897430335525e-01,6.344368804261066863e-01
4.193907645595336686e-01,6.351399276875406841e-01,6.486205815877533754e-01
-3.101122077845572256e-01,-5.863184837214334699e-01,-7.483722698160232278e-01
3.352080003913286421e-01,5.440951121977061211e-01,7.691528491504225906e-01
2.791858073445327992e-01,6.362717242207098778e-01,7.191756238462106987e-01
5.261961067238563050e-01,5.288881762426772548e-01,6.658790838428180203e-01
-1.160552152680126847e-01,-6.548186093911113614e-01,-7.468224526647457839e-01
-9.221741334993338590e-02,-5.605881945778513620e-01,-8.229439985655114809e-01
7.212281713960567997e-02,6.451615637063996544e-01,7.606345087910226788e-01
1.049807631912351852e-01,-5.049181638974894470e-01,-8.567594102933296929e-01
2.693269646211684520e-01,5.877506169745878584e-01,7.628972397210120882e-01
1.241321308636987170e-01,4.749866445876728127e-01,8.711939517412763401e-01
-2.750715337320668308e-01,-6.019098968802576444e-01,-7.496933555580482800e-01
2.895535701831749575e-01,6.629714289881597500e-01,6.903822233658500895e-01
-2.920591339024626309e-01,-6.347958350748117429e-01,-7.153570507626355601e-01
-2.216023829409437262e-01,-4.761108464240955684e-01,-8.510057848171342920e-01
-2.541001181993806507e-02,-6.300247633089594013e-01,-7.761592162158486019e-01
2.180018957395984391e-01,7.454344571781488238e-01,6.299227282020073426e-01
3.964225110673758601e-01,6.428828718076226023e-01,6.554012556101947995e-01
2.059693555885736549e-01,6.878267748094285539e-01,6.960394761891651738e-01
7.978680147803593470e-02,6.061780143313008073e-01,7.913168020781981005e-01
-7.593593139385639013e-02,-5.509466138917703537e-01,-8.310785540275601457e-01
-4.818348782907823091e-01,-5.472514520899375290e-01,-6.843617451669561369e-01
3.191123875583389835e-01,7.273725290678025868e-01,6.075331168457610564e-01
-1.000950180757478603e-01,-7.407360339515214331e-01,-6.642974599998003882e-01
-4.000467143257525060e-01,-6.900516444429964924e-01,-6.031511869827381744e-01
-3.115473207844579595e-01,-6.699503338691003007e-01,-6.738729977233892665e-01
-1.435001040584306664e-01,-7.099083677046366114e-01,-6.895199994185506887e-01
1.801729978475083427e-01,-6.058804944983212648e-01,-7.748848412719864243e-01
-2.083960935366510336e-01,-7.628946679421099164e-01,-6.120153542388959700e-01
2.022016636807957846e-01,7.232138142588980800e-01,6.603607090596884666e-01
1.997210139095690340e-01,7.173807292792337975e-01,6.674401889770560370e-01
3.171716666045775734e-01,5.941574789138015511e-01,7.391745559433645640e-01
-2.825530114063037335e-01,-6.991034626267201846e-01,-6.568242872249466791e-01
3.444581554602503259e-01,6.252324635462171987e-01,7.003091786238776484e-01
2.833583828922945913e-01,3.485000906589814651e-01,8.934515732010019917e-01
1.319829002183610933e-01,5.997076588448556622e-01,7.892599305506218244e-01
-2.233085450116674142e-01,-6.456649555047024869e-01,-7.302397270471407964e-01
-3.852770254512770665e-01,-4.769460908562953017e-01,-7.899898987178979315e-01
3.007769636387601087e-01,5.264391972953770260e-01,7.952326638759547039e-01
-4.339302202932475705e-01,-4.897687715950916898e-01,-7.561951562172879449e-01
-2.539009275919293929e-01,-1.836254928655275676e-01,-9.496399303619503796e-01
-4.661013226531380838e-01,-5.472305541081726732e-01,-6.951893825940219651e-01
-1.930714076890271691e-01,-5.924211083680694934e-01,-7.821513037085123798e-01
4.475094121126721447e-01,7.050844481709110934e-01,5.500829455801117263e-01
-3.231281987677241396e-01,-4.449712040201892482e-01,-8.352178127614072745e-01
-1.825588735898584503e-01,-6.874710508215458038e-01,-7.028910384660781441e-01
1.584369442145375229e-01,6.640855758247159457e-01,7.306764555461706667e-01
4.685712801302656105e-01,6.160455244738488600e-01,6.331894402252965515e-01
-3.690715067399479854e-01,-7.102688631216673709e-01,-5.994200238501868894e-01
3.381173808112891144e-01,4.799932251671674144e-01,8.094956087508655695e-01
-6.101336639365434467e-01,-3.702864443947379014e-01,-7.004461872470085781e-01
3.770498310456833480e-01,6.936203326841513528e-01,6.137786726463771991e-01
-1.547425007396217300e-01,-8.008614450780048299e-01,-5.785116284504728812e-01
-3.934846697764055601e-01,-6.974820052871898435e-01,-5.989062255073939189e-01
-4.297528619628134816e-01,-3.788741168830560002e-01,-8.196138610289941395e-01
-2.131548548973528356e-01,-6.250629293902082440e-01,-7.509070129755215373e-01
3.778549891582994591e-01,6.947708862459578416e-01,6.119795934450654729e-01
4.852624385211341124e-02,-7.053073709551392900e-01,-7.072387971074231006e-01
-2.391266196148305878e-01,-4.454475199570318011e-01,-8.627832675450504141e-01
-1.252116422190355516e-01,-8.025437786593493383e-01,-5.833056900013796620e-01
-3.730862922429942219e-01,-3.900421898543287580e-01,-8.418276003280095177e-01
4.589134284147433074e-01,4.303647331026483891e-01,7.772931633059126932e-01
1.196871910375102016e-01,5.829257278839193868e-01,8.036619762515541110e-01
3.112798215173457894e-01,7.105316047350984654e-01,6.310702903708074185e-01
-6.475325568907834839e-01,-4.524851802877008500e-01,-6.131547515811084370e-01
-3.088664707723241531e-01,-8.368486353490101060e-01,-4.519799384343827775e-01
3.676326782331240106e-01,7.212486805016080638e-01,5.870660565641908635e-01
2.381148521248654393e-01,5.847459564893398021e-01,7.754827422753653998e-01
-2.817101388740291812e-01,-8.705107930698167129e-01,-4.035472175650998694e-01
2.588737065230465872e-01,7.970557436226420878e-01,5.456065850309879117e-01
4.738262084640478822e-01,6.081938169733389632e-01,6.368587011009466670e-01
-1.117728103590525240e-01,-6.528113255641875279e-01,-7.492290785064122938e-01
-2.875055170523524439e-01,-6.387588972099312867e-01,-7.136719476759697534e-01
1.645338623199641970e-01,6.406621375889812731e-01,7.499870889621983450e-01
-5.201797995765612415e-01,-5.692386834622404912e-01,-6.366948227861316534e-01
5.718428784703842860e-01,6.195353457229314520e-01,5.377468528431130768e-01
-4.170360255208386269e-01,-2.775367939564796216e-01,-8.654792206738073368e-01
-3.342253217314459374e-02,6.585374517075305301e-01,7.518053997157024826e-01
-4.583183681404495169e-01,-6.437413232722235534e-01,-6.128143129340254402e-01
-2.371690523065458356e-01,-4.179407745695709608e-01,-8.769699821431758968e-01
-3.456733781245888704e-01,-6.212172171991179326e-01,-7.032773881700726815e-01
-3.767241308978199754e-01,-7.091277047967983194e-01,-5.960006942016988774e-01
2.474027897406596288e-01,5.716897172219593815e-01,7.822804655947988017e-01
1.317417875550371542e-01,6.495013456397090712e-01,7.488605366982632461e-01
3.729529128129838722e-01,6.765973107338361103e-01,6.349190530548375344e-01
2.687018147455511041e-01,5.955320911663862793e-01,7.570606733567915025e-01
4.513044367871473228e-01,4.905235422388198319e-01,7.454602335776981947e-01
2.523917805619645405e-01,6.665159649358545213e-01,7.014662198498141654e-01
-4.316876939175681160e-01,-4.181574789474017395e-01,-7.992434283248659455e-01
-3.605917764538705828e-01,-4.575893019416151786e-01,-8.127641733629916709e-01
1.468470911601033324e-01,7.422322716097697892e-01,6.538556314652472778e-01
5.930696620386102236e-01,5.244428909780772807e-01,6.109239151252511268e-01
4.694675555830573471e-02,6.201895434130828555e-01,7.830459324864799120e-01
-2.549289218659028244e-01,-4.942700526357252100e-01,-8.310886594484164780e-01
-2.755438734130323253e-01,-5.322701154653806110e-01,-8.004774187989396328e-01
-1.814404482508288896e-01,-6.649081812898385291e-01,-7.245526027780022638e-01
4.883631776185280021e-02,-7.016115491607208821e-01,-7.108841313123799299e-01
4.753910526005502568e-01,4.687652513700262258e-01,7.444880698945663955e-01
4.021395101211929224e-01,5.383847367726678490e-01,7.405576882388784643e-01
-3.492131281189024272e-01,-6.206122780348019008e-01,-7.020616721498651458e-01
-3.253028469894247987e-01,-6.916793657505322379e-01,-6.447927672791594622e-01
-4.807709371893974515e-01,-5.331490662593051377e-01,-6.961403443996471152e-01
1.914257580592325647e-01,3.017557551189410381e-01,9.339698300288108435e-01
2.850074287974803666e-01,7.090509637824240485e-01,6.449941831438983364e-01
4.818663339073068208e-01,5.942720151589837574e-01,6.439298162421215332e-01
2.893261208236539983e-01,6.620666534266257397e-01,6.913451686600584623e-01
2.861449523086964097e-01,5.433068048854825527e-01,7.892647097351952468e-01
1.731006913261203262e-01,6.374540697589125005e-01,7.507918883487079142e-01
4.310275176904055372e-01,8.076860139572206165e-01,4.023165194862666771e-01
4.304670375098397228e-01,4.151115779029947439e-01,8.014864362597711178e-01
3.940028332736082994e-01,6.245117909197970274e-01,6.743491605796783084e-01
-2.325765104891689139e-01,-5.352711408743064947e-01,-8.120301549300986688e-01
3.956194526932204081e-01,7.103726213929285604e-01,5.821133802156206460e-01
-3.288349034754972089e-01,-4.481596689613793205e-01,-8.312764386007144291e-01
1.156592594200573365e-01,6.366698044425791458e-01,7.624135989221675347e-01
7.529012574115052925e-02,8.016825250159266281e-01,5.929894822422822065e-01
-3.540158767252167826e-01,-6.387959708575485784e-01,-6.830903795564963188e-01
-3.988946331736247797e-01,-6.578917767968922581e-01,-6.387969017209674805e-01
4.218116270016014080e-01,8.146353956293658216e-01,3.980504032331186326e-01
4.410968500530288439e-01,4.950273997123753600e-01,7.485862958986757576e-01
7.515526735028885130e-02,4.519605072246234978e-01,8.888663486142154291e-01
2.706077136645555492e-01,4.843011124708281878e-01,8.319999385605507669e-01
-3.290989994600835855e-01,-6.141516964095308229e-01,-7.172945994162144290e-01
-2.015176303712826883e-02,5.320391247437008531e-01,8.464799325373593142e-01
-2.471094658153920043e-01,-4.293330326719851930e-01,-8.686829450156758892e-01
-3.752109380378268466e-01,-4.409643590743098640e-01,-8.153325615986136699e-01
1.900152508756848824e-01,4.335777918893971017e-01,8.808544163566220941e-01
-2.427802952894438093e-01,-5.565969414671837479e-01,-7.945171948853888555e-01
-9.455457657059096466e-02,-5.954857711492431704e-01,-7.977820055681549283e-01
3.695318127651506246e-02,4.440112661765934221e-01,8.952588775889371853e-01
-4.627997081062051876e-01,-6.258013376757388668e-01,-6.278448183588577480e-01
-3.868037046100526455e-01,-3.811300244571689810e-01,-8.397159034799905886e-01
-2.883907625712495149e-01,-7.621276156916667599e-01,-5.796483981377918981e-01
-3.644447525680909461e-01,-5.394519434185750528e-01,-7.590596966428302395e-01
-4.050673567388604623e-01,-3.070002324664112825e-01,-8.612033986057894275e-01
3.269818563775035991e-01,4.327360624437895376e-01,8.401323502047558511e-01
5.521098140612815675e-01,3.790529413335830267e-01,7.426261649602551307e-01
4.545643063569271280e-01,3.970888540997151162e-01,7.973027864845455559e-01
6.149236597554296191e-01,5.455827504953708607e-01,5.693929706581337680e-01
-3.791752203894562800e-01,-7.063157867579002991e-01,-5.977827043493106896e-01
-1.110511614594686391e-01,-4.929347540354471757e-01,-8.629501537183457138e-01
1.310882299270169637e-01,8.042233875062205772e-01,5.796901059726833338e-01
6.346091897347798383e-02,5.005607561609377587e-01,8.633722494698519156e-01
-4.430199604965267546e-01,-5.908264982919126940e-01,-6.742828512707202959e-01
3.126218028200051235e-01,5.538566062608362150e-01,7.716932474129851727e-01
5.155839052330440930e-01,4.696995723935500355e-01,7.166279009067115791e-01
-1.518434978472299295e-02,7.268149415749791675e-01,6.866654762145647517e-01
-4.005960810496400071e-01,-5.621746654278521049e-01,-7.235208534650211520e-01
1.432813608607863276e-01,8.107280373312022448e-01,5.676182705965144848e-01
4.155763537576592781e-01,5.801429275334281099e-01,7.005215755638309894e-01
1.407320049687996177e-01,5.293708496387131701e-01,8.366367230347043771e-01
2.152793621417762593e-01,7.931526623253495334e-01,5.697048801634405635e-01
3.374323699964099782e-02,-6.158642184171407852e-01,-7.871293784570809748e-01
-4.922899408556413725e-01,-5.761517481859499412e-01,-6.524567243845547093e-01
5.088945850286105688e-02,6.813712609528903563e-01,7.301667396976897484e-01
1.543721710976919959e-01,6.002688031371126165e-01,7.847589418228525515e-01
-1.897871674366037598e-01,-6.565478391419558024e-01,-7.300176477280664322e-01
-3.637085085292849351e-01,-4.601089928450921018e-01,-8.099480449550316985e-01
5.602503527440330089e-01,5.101019332474743262e-01,6.526220651704749409e-01
-2.810902752907354918e-01,-5.875213087864943340e-01,-7.588194573538448173e-01
-4.186315580344844300e-01,-6.369195982586344229e-01,-6.473646916319114597e-01
3.832379655528199702e-01,6.462129194524847131e-01,6.599526683722340969e-01
3.805724816412274780e-01,5.867573340817021643e-01,7.147589923315208482e-01
-4.650016304643782017e-01,-6.107513943732117978e-01,-6.409026587061777969e-01
4.906707197426211087e-01,5.227456135860325537e-01,6.971221329608038308e-01
-3.939535177433701185e-01,-6.121461336321170066e-01,-6.856221531841533157e-01
-6.039797134553321900e-01,-3.944825042099581180e-01,-6.925258548290128546e-01
-3.982234247290818985e-01,-4.144206527801788664e-01,-8.183358885850550157e-01
-1.829850764950700370e-01,-5.188128568514408512e-01,-8.350746561510173915e-01
-2.928258220092702646e-01,-6.218698777180576842e-01,-7.263132197279099644e-01
2.723157810223605368e-01,6.113017879676565514e-01,7.430708172400044553e-01
4.330165150516030459e-01,6.620706048428924850e-01,6.116855498501915234e-01
2.855486816896352781e-02,5.139114833830580320e-01,8.573678363169907612e-01
-4.614702909288340704e-01,-6.161565252676616256e-01,-6.382760429157110504e-01
2.427785384828765325e-01,4.586509176468378524e-01,8.548087019876623449e-01
3.423448171632926806e-01,6.263480081774820407e-01,7.003486266235785518e-01
2.745595853539870013e-01,5.485845356051849420e-01,7.897290936676262252e-01
-9.498632652451961811e-02,-5.165304302070539144e-01,-8.509840847180946133e-01
-2.440441478890671423e-01,-7.898493792325381735e-01,-5.626547893753977014e-01
3.499067094657641319e-01,6.297822895840842206e-01,6.934980622878984535e-01
3.870201144512474545e-01,4.443278525297602033e-01,8.079530868041998604e-01
1.477657384397337292e-01,8.090110851531370217e-01,5.689168222532217101e-01
1.929236929644412013e-01,6.047134406703136289e-01,7.727238208866302749e-01
-9.892489580273942928e-02,-6.656205929287544176e-01,-7.397047324842466187e-01
9.989446684683982169e-02,3.761623145831702320e-01,9.211530863981393091e-01
-3.200934229495627781e-01,-7.404153644036747250e-01,-5.910374681349788162e-01
2.369089495929229128e-01,5.276989666195890383e-01,8.157254135010112428e-01
3.058292148224489027e-01,6.862603819673133154e-01,6.599357389194508983e-01
-3.335653985098677166e-01,-7.264898354294081484e-01,-6.007883520298179514e-01
3.804245165904823200e-01,7.255802298647749948e-01,5.734200181422672848e-01
-2.388429748758181537e-01,-7.119566916211722551e-01,-6.603572537712480983e-01
-2.210176387945025911e-01,-6.690602632538341643e-01,-7.095840806249904542e-01
-2.756715822989395104e-01,-5.880628512080322556e-01,-7.603862582542367798e-01
3.550828421043225047e-01,8.255701056959680040e-01,4.385774456401798083e-01
-2.835832134712799601e-01,-7.455478718967499807e-01,-6.031077281444251481e-01
4.902889584371200038e-01,5.635857787370166516e-01,6.648216356587942633e-01
2.719495605126088233e-01,7.671113274772917157e-01,5.810194900285413633e-01
-2.862605239964236548e-01,-5.927697583117143010e-01,-7.527807954726029038e-01
3.265450506791301444e-01,6.668250310883626630e-01,6.698602151128013604e-01
4.664723784243655635e-01,6.519340905883855841e-01,5.978172477403190799e-01
-1.890837026455300662e-01,-7.554532276938871194e-01,-6.273258915115370593e-01
2.220876920304236946e-01,7.584585070123104344e-01,6.127134323558255380e-01
-6.490654926272055869e-01,-5.888125971520995483e-01,-4.816780166414096342e-01
1.709315768635643884e-01,6.270405755536282433e-01,7.600016530510377288e-01
4.622914368240019223e-01,6.627982162736032468e-01,5.890544558389568808e-01
3.759135131502911453e-01,4.739088567543586761e-01,7.963036017253611876e-01
