0.69435,-0.21901,-0.6855
0.98473,0.10876,0.13592
0.92427,0.37865,-0.048426
0.99455,0.032825,0.098977
0.98448,0.16526,0.059055
0.98882,0.036101,-0.14471
0.8769,0.40158,-0.26416
0.84475,-0.50757,0.16963
0.95447,-0.060612,-0.29209
0.67474,-0.72692,-0.12774
0.94771,-0.080645,-0.30877
0.92675,0.34602,-0.14631
0.77422,-0.4453,-0.44977
0.98923,-0.12583,0.074787
0.92284,-0.31967,-0.2149
0.87696,0.33868,0.34094
0.80662,0.57373,-0.14212
0.90732,0.37378,0.19252
0.72358,0.63284,0.2756
0.95473,-0.29745,0.0044629
0.9265,-0.36072,0.10716
0.99211,-0.12528,-0.0038583
0.91977,-0.24846,0.30379
0.9358,0.17501,0.30603
0.91699,-0.36351,-0.1643
0.88369,0.35953,0.29972
0.67334,0.73716,0.05675
0.83564,0.44277,-0.32504
0.98166,-0.1833,-0.052459
0.95932,-0.23885,0.15051
0.72777,0.11637,0.67587
0.93983,0.33416,0.071065
0.93265,-0.16047,-0.32312
0.72642,-0.66312,-0.18052
0.9876,0.13214,-0.084707
0.94137,-0.33223,0.058714
0.96051,0.16084,0.22703
0.96676,0.13544,-0.21687
0.86214,-0.31944,0.39329
0.90361,-0.14214,0.4041
0.72686,0.6275,0.27912
0.99218,-0.034413,0.11997
0.9382,-0.33966,0.066419
0.96952,-0.24457,-0.014579
0.81593,-0.047566,-0.5762
0.99002,-0.051781,0.1311
0.61257,-0.26092,0.74611
0.97159,0.12026,0.20384
0.85113,-0.52271,-0.048603
0.96354,-0.086069,-0.25334
0.72713,0.040321,-0.68532
0.90251,-0.39808,0.16436
0.83543,-0.29471,-0.46391
0.9201,0.21827,0.32523
0.94308,0.23057,0.23965
0.67829,0.59956,-0.4248
0.93425,-0.25018,-0.25413
0.876,0.28656,-0.38795
0.88125,0.47264,-0.0027005
0.89037,0.23286,-0.39118
0.84929,-0.083049,-0.52135
0.99388,-0.10669,-0.028558
0.98259,0.16285,0.08946
0.92307,0.31512,-0.22056
0.88449,0.43576,-0.1667
0.95354,0.21664,0.20934
0.8853,0.33123,0.32638
0.72256,0.69129,0.0057827
0.98923,0.14014,-0.042329
0.93759,-0.2057,-0.28037
0.98392,-0.11631,0.13557
0.85409,0.072772,-0.51501
0.80128,0.23992,-0.54808
0.96025,-0.0038421,0.2791
0.96235,-0.26123,-0.075092
0.97145,0.10918,-0.21065
0.97858,-0.076574,0.19109
0.92027,0.28094,0.27236
0.89336,-0.44779,0.037351
0.83897,-0.38836,-0.38119
0.97104,-0.067236,-0.22926
0.9373,0.34655,0.03691
0.97015,-0.10593,-0.21812
0.8643,0.49681,-0.078552
0.78676,-0.58644,0.1926
0.68996,0.72259,-0.042638
0.87213,0.38694,-0.29944
0.93083,0.082028,-0.35613
0.98967,-0.14169,0.021992
0.94545,-0.23404,-0.22659
0.94851,-0.30536,0.084113
0.89973,0.38777,0.20032
0.95053,0.19094,-0.24502
0.93155,0.27895,0.23325
0.80635,0.24425,0.53865
0.9645,0.2529,-0.076013
0.95774,-0.28129,-0.060035
0.8369,-0.33834,-0.43026
0.94104,-0.23688,-0.24153
0.93196,-0.32558,0.15955
0.91725,0.11719,0.38067
0.90781,-0.41906,-0.01635
0.98568,0.045956,-0.16225
0.99758,0.059422,0.036011
0.97917,-0.13392,0.15263
0.98778,-0.10109,0.11863
0.94481,-0.08202,0.31719
0.98348,0.16671,0.070543
0.72576,0.63229,0.27108
0.85499,0.068008,-0.51417
0.88344,-0.4329,0.17925
0.94306,-0.29661,-0.15055
0.88317,0.43592,-0.17315
0.93547,0.23649,0.26261
0.92692,0.36022,0.10517
0.96571,-0.031726,0.2577
0.9194,-0.13582,0.36914
0.92911,-0.16681,0.33004
0.98142,-0.013542,-0.19139
0.79789,-0.074624,-0.59817
0.76229,0.62593,0.1647
0.78996,-0.59566,0.14546
0.58681,-0.20846,0.78244
0.88367,-0.12696,0.45057
0.97029,-0.021419,0.24099
0.92326,0.34366,-0.1717
0.95025,-0.21407,0.22628
0.98251,0.17731,0.056815
0.68326,0.73016,0.0049534
0.8499,-0.48441,-0.20741
0.99057,0.13364,-0.030079
0.83549,-0.47661,0.2735
0.96646,0.0019924,-0.25681
0.8587,-0.24748,0.44876
0.85116,-0.42304,0.31076
0.9992,-0.029804,-0.026709
0.97311,0.059105,0.22264
0.91884,0.32951,-0.21717
0.78485,0.15415,-0.60021
0.94079,0.039988,-0.33663
0.94025,0.31971,0.11711
0.99754,-0.068075,-0.016684
0.95702,0.25053,-0.14611
0.90577,-0.42179,0.040928
0.83779,-0.29035,-0.46239
0.83077,-0.37768,0.40888
0.84592,-0.35285,0.39991
0.9125,-0.2002,-0.35674
0.97197,0.23413,-0.021372
0.83731,-0.20413,0.50718
0.85409,-0.12745,-0.50428
0.88516,0.45303,0.10606
0.98186,0.11007,0.15435
0.88706,0.45672,0.067301
0.92743,-0.36217,-0.093291
0.78632,-0.56553,0.24876
0.88294,0.41219,0.22476
0.75986,0.64043,0.11158
0.99594,0.033438,-0.083535
0.95972,-0.054937,-0.27554
0.98417,0.054443,0.16868
0.67309,0.55816,0.48519
0.99416,-0.076577,-0.076049
0.69096,0.25966,0.67464
0.93999,-0.33814,0.04563
0.82626,-0.50006,0.25927
0.74233,-0.58619,0.32454
0.70514,0.5846,0.40128
0.87784,0.15765,-0.45227
0.81363,0.56954,0.11677
0.96805,0.18448,-0.16985
0.85437,-0.23036,0.46582
0.94849,0.083674,-0.30556
0.89845,0.14212,0.41545
0.98327,-0.15594,-0.094192
0.99925,-0.0073783,-0.038006
0.9653,0.011962,0.26087
0.91519,0.28946,-0.28042
0.97092,0.021692,-0.23842
0.90752,0.10733,0.40607
0.9372,0.33009,0.11269
0.78277,0.60784,0.13342
0.95699,-0.2866,-0.045025
0.7473,0.22425,-0.6255
0.82852,0.084248,-0.55359
0.95681,-0.23787,0.16716
0.76912,-0.46648,-0.43686
0.99558,0.093368,-0.010204
0.8914,-0.40618,0.20105
0.96984,-0.22247,-0.099624
0.90825,0.35969,-0.21379
0.83869,0.39733,0.37247
0.82497,0.5296,-0.19736
0.78306,0.62192,-0.0065825
0.84777,-0.17802,0.4996
0.98619,-0.064399,0.15258
0.9602,0.070066,0.27038
0.62367,0.65668,-0.42405
0.97524,-0.21196,-0.063047
0.9732,-0.12402,0.19365
0.93627,0.31945,0.14611
0.97164,0.07897,-0.22287
0.93743,-0.26923,-0.22075
0.98062,0.18872,0.052706
0.95364,0.13859,0.26714
0.91162,-0.40452,-0.072874
0.97589,-0.19737,-0.093232
0.98183,-0.18945,0.011321
0.98604,-0.10402,0.13002
0.94716,-0.20857,-0.24368
0.91925,-0.38641,-0.075237
0.91839,-0.30517,0.25185
0.90227,-0.36244,0.23354
0.89045,-0.1552,0.4278
0.99813,0.023078,-0.056675
0.90537,-0.2372,0.3522
0.84324,0.385,0.37514
0.99722,-0.069766,0.025989
0.99443,-0.041138,0.097024
0.91643,0.0492,-0.39715
0.98288,-0.047472,-0.17805
0.97524,0.058903,-0.21315
0.8261,-0.13429,0.54729
0.99861,0.05275,-0.00030419
0.99727,-0.066573,0.031885
0.79031,-0.3244,0.51978
0.74851,-0.66313,-0.00055907
0.99895,-0.022977,0.0396
0.96335,0.20877,0.16844
0.78334,-0.30102,0.54385
0.99821,-0.054356,-0.024975
0.79814,-0.58096,-0.15957
0.83909,-0.50833,-0.19372
0.99093,0.033087,-0.13022
0.65334,-0.19296,-0.73206
0.87663,-0.4441,-0.18518
0.95012,0.30999,-0.034169
0.94212,0.04317,0.33247
0.92603,0.2348,0.29553
0.99599,-0.032078,0.083509
0.89483,-0.15899,-0.41715
0.99828,-0.057899,-0.0087223
0.94485,0.042461,0.32473
0.98777,0.14394,0.05993
0.97751,-0.062592,0.20138
0.79732,-0.59891,0.074662
0.97748,0.20048,-0.065924
0.92313,-0.13577,0.35972
0.75989,0.61955,-0.19676
0.8593,-0.16587,-0.48382
0.99267,-0.1032,-0.06296
0.97687,-0.20181,-0.070678
0.96591,-0.21764,-0.14015
0.95955,0.20013,0.198
0.81295,-0.42644,0.39655
0.78221,-0.40133,0.47652
0.79165,-0.41506,-0.44835
0.97375,-0.071203,0.2162
0.99868,0.045588,-0.023789
0.97145,0.0039802,0.23723
0.70906,-0.61321,-0.34815
0.96886,0.10598,0.2238
0.96271,0.23051,-0.14159
0.96853,0.21453,-0.12617
0.94519,0.32624,-0.013391
0.7616,-0.60333,0.23654
0.99508,-0.093599,-0.032566
0.97959,0.19669,0.041572
0.76224,0.22414,0.60725
0.96363,-0.20559,0.17075
0.83704,0.2114,-0.50465
0.94706,0.012044,-0.32084
0.87941,-0.35059,0.32205
0.97791,-0.12609,0.16672
0.87008,0.43267,-0.23613
0.93375,-0.29315,-0.20534
0.94585,0.23714,0.22166
0.99737,0.042227,-0.058857
0.8436,0.087317,-0.52982
0.97627,0.014996,-0.21602
0.98108,-0.17578,-0.081139
0.94777,0.18438,-0.26025
0.60364,-0.51154,0.61152
0.92426,0.17083,-0.34141
0.99995,0.0080238,-0.0066915
0.95081,-0.3047,0.055909
0.90273,0.42594,0.060459
0.97177,-0.23576,-0.0094442
0.77099,-0.44805,0.45257
0.95479,0.26381,-0.13706
0.68403,-0.42598,-0.59216
0.98768,-0.12523,0.093838
0.97036,-0.19207,-0.14668
0.95508,-0.2908,0.057147
0.8524,-0.062249,-0.51918
0.84999,-0.2235,0.47705
0.97805,0.0055371,-0.20831
0.88941,-0.24443,-0.38628
0.90674,0.23562,0.34973
0.98325,0.066545,0.16967
0.52686,0.81659,0.23579
0.99461,-0.032318,0.098505
0.82838,-0.10965,0.54933
0.99626,0.013492,0.085308
0.89306,0.42091,0.15898
0.96321,-0.2601,0.067592
0.85232,0.48571,0.19399
0.90163,0.036918,0.43092
0.89257,0.080849,0.4436
0.70082,0.67619,-0.2272
0.95624,0.048202,-0.28858
0.85644,0.2619,-0.44487
0.98223,0.1306,0.13482
0.90669,-0.39805,-0.13957
0.91606,-0.39674,0.058518
0.87177,0.29458,-0.39145
0.90445,-0.050422,-0.42358
0.98506,0.15862,0.067049
0.89135,-0.43019,0.14293
0.79057,-0.080962,-0.607
0.97077,0.23217,0.060852
0.85775,0.25524,-0.44623
0.96183,0.20055,0.18617
0.90222,-0.30563,0.3043
0.88768,0.36048,-0.28649
0.97323,-0.099634,-0.20712
0.72945,-0.64756,-0.22041
0.92394,0.38025,-0.041705
0.8527,-0.43574,-0.28815
0.82086,-0.29468,0.48924
0.92866,-0.066045,0.365
0.95877,0.11042,-0.26185
0.95621,-0.28582,-0.063082
0.98398,-0.071486,0.16333
0.75991,-0.48974,-0.42743
0.93716,-0.047822,0.34561
0.94263,-0.30712,-0.13087
0.87729,-0.084822,-0.4724
0.9531,-0.26139,-0.15257
0.97351,0.20083,0.10926
0.9321,0.29402,-0.21153
0.94823,0.3154,-0.037197
0.85291,-0.45158,0.26196
0.90586,0.33543,-0.25866
0.99558,0.072632,0.059578
0.85843,0.46853,-0.20875
0.92575,-0.28906,0.24379
0.9568,-0.27615,0.090926
0.79559,-0.10445,0.59676
0.93702,0.29945,-0.17981
0.95353,0.28916,0.084668
0.87501,0.47839,-0.074221
0.95084,0.1562,-0.2674
0.95411,0.058523,-0.29369
0.89792,0.37022,0.23807
0.97923,-0.13331,-0.15279
0.99277,-0.11834,-0.020027
0.86866,0.13069,-0.47787
0.97767,-0.003235,-0.2101
0.92488,0.37492,-0.063435
0.94495,0.3272,0.00057608
0.89637,-0.41884,0.14522
0.94973,-0.19521,-0.24475
0.95649,-0.19723,-0.215
0.95877,-0.21123,0.19011
0.96183,-0.19665,-0.19031
0.82003,-0.40687,0.4025
0.92115,0.26076,-0.28894
0.70844,0.14986,-0.68967
0.99279,0.067096,0.09933
0.77231,0.54498,0.3264
0.74645,0.66248,0.062691
0.97703,0.025858,-0.21153
0.89114,0.43527,-0.12813
0.97663,0.032247,-0.21251
0.89529,0.44546,-0.0042669
0.94913,-0.044205,0.31176
0.94783,-0.11003,-0.29918
0.99777,0.00059616,-0.06677
0.96679,0.22808,0.11528
0.96113,-0.27549,0.0183
0.96487,0.2389,0.10936
0.77516,0.14278,0.61542
0.7589,0.49113,-0.42763
0.90194,0.38258,-0.20033
0.78163,-0.49976,-0.37323
0.98339,-0.18072,-0.016888
0.79879,-0.30971,0.51576
0.97198,0.011061,-0.2348
0.6314,-0.13251,-0.76405
0.98311,-0.14675,-0.10934
0.83355,-0.084533,-0.54594
0.915,0.13865,0.37888
0.75939,0.63306,-0.1502
0.99955,-0.017369,0.024305
0.98544,0.040216,-0.16521
0.8934,0.3565,-0.27339
0.8087,0.57359,-0.13034
0.94827,-0.27414,-0.1601
0.83463,-0.43972,-0.33173
0.94483,0.11594,0.30637
0.9852,-0.16572,-0.043783
0.92545,0.0030561,0.37887
0.9494,-0.22931,0.21461
0.98064,0.13004,0.14643
0.82226,-0.21692,-0.52615
0.8728,0.29305,-0.39031
0.8589,0.50747,-0.069052
0.98137,0.19021,-0.026944
0.9436,0.12814,-0.30528
0.87161,0.17432,0.45816
0.93274,-0.21888,0.2865
0.82022,0.31058,0.4804
0.98763,0.090956,-0.1277
0.95208,-0.27245,0.13895
0.22683,-0.69683,-0.68042
0.9179,0.21303,-0.33478
0.90602,-0.011792,-0.42308
0.99111,0.0046489,0.13299
0.9048,-0.36877,-0.21296
0.83619,0.52834,0.14715
0.83631,-0.32283,0.44312
0.86765,-0.47403,-0.14989
0.99803,-0.038499,-0.049548
0.90646,-0.41136,0.095429
0.95481,0.071536,-0.28847
0.77931,0.042774,0.62518
0.99033,-0.13323,-0.038704
0.70651,0.70148,0.093651
0.98834,-0.15182,0.011661
0.89666,0.077876,-0.43581
0.85454,-0.08641,-0.51215
0.94099,-0.17828,-0.28767
0.9904,0.12858,-0.050667
0.99317,0.093386,0.06997
0.83318,-0.38888,0.39316
0.96193,0.091383,0.25755
0.99666,-0.06758,-0.045803
0.74005,-0.54851,0.38918
0.97003,0.20181,-0.1353
0.99733,0.07061,0.018795
0.71857,0.66303,-0.20986
0.94346,-0.27578,-0.18394
0.8339,-0.29437,-0.46687
0.96338,-0.26389,0.047563
0.76711,-0.58145,-0.27102
0.70577,-0.70025,-0.10741
0.83588,-0.10882,-0.53801
0.85088,0.52529,-0.0080631
0.95082,0.30954,0.010863
0.89784,0.29333,0.3284
0.92612,0.37684,-0.017225
0.90485,-0.42565,0.0082298
0.96044,0.18424,0.20884
0.81409,-0.30637,-0.49334
0.92842,0.22011,-0.2993
0.9657,-0.21933,-0.13899
0.93513,-0.32134,0.14928
0.98239,-0.18379,-0.033494
0.96902,0.24199,-0.049483
0.96929,-0.24576,-0.0090863
0.83266,-0.11337,-0.54205
0.94399,-0.3141,-0.10112
0.76634,-0.53228,0.35972
0.91165,0.41058,-0.018112
0.92285,0.16074,0.35002
0.92827,0.37035,0.034118
0.99947,0.0065716,-0.03183
0.98224,0.098145,-0.15989
0.87026,-0.19738,0.45131
0.90133,-0.20752,-0.38017
0.94322,0.23853,0.23118
0.98612,0.15906,0.047675
0.89106,-0.4393,0.11411
0.96685,0.24289,-0.078807
0.99918,-0.029212,0.027969
0.98187,0.11761,0.14867
0.85686,-0.43702,-0.2735
0.92514,-0.36456,0.10593
0.9467,-0.11871,-0.29943
0.98617,-0.16512,-0.014541
0.95269,-0.075482,-0.29441
0.92507,-0.15022,0.34883
0.93337,0.16987,0.31616
0.97011,-0.047523,0.23798
0.86915,0.092335,-0.48585
0.50236,-0.80418,0.31771
0.98871,0.090287,-0.11957
0.89763,0.21955,-0.38217
0.9805,0.19303,-0.03689
0.93093,-0.12296,0.34387
0.87935,-0.080996,0.46924
0.99038,0.098624,-0.097051
0.74663,0.30216,-0.59266
0.96461,0.23625,0.11715
0.86923,-0.3937,-0.29908
0.64437,-0.22891,0.72965
0.96523,-0.043626,-0.25775
0.95365,0.08568,0.28846
0.56093,0.59163,0.57907
0.94302,0.27033,-0.19398
0.89231,-0.28466,-0.35036
0.66957,-0.72527,0.16016
0.93026,-0.26441,-0.25439
0.92116,-0.19383,-0.33749
0.92272,-0.37639,0.083233
0.77171,-0.52316,0.36161
0.91328,0.37313,-0.16335
0.70347,0.6702,-0.23656
0.93496,-0.038517,-0.35265
0.96154,-0.27381,-0.021677
0.97615,-0.1727,-0.13156
0.85028,0.19708,0.48804
0.88162,-0.036693,0.47053
0.96215,-0.25815,-0.087338
0.87562,0.41714,-0.24349
0.87987,-0.37324,0.29414
0.80954,0.51889,-0.27457
0.95077,0.25049,0.18244
0.97937,0.20083,0.022528
0.94938,0.30014,-0.092714
0.76446,-0.33247,0.55233
0.90674,0.4068,0.11104
0.80008,-0.22382,-0.55658
0.68279,-0.12963,0.71902
0.84256,0.10331,-0.52861
0.60496,-0.79516,-0.041766
0.9911,-0.12514,-0.045416
0.65039,0.66632,0.3647
0.94091,-0.10955,-0.32045
0.93212,0.084868,0.35205
0.98182,-0.0053382,-0.18974
0.86932,0.48041,0.11616
0.98816,0.13754,0.068032
0.93078,-0.10211,0.35104
0.88439,0.46381,-0.052331
0.94348,0.29964,-0.14164
0.49973,0.86515,0.042165
0.96396,0.18571,-0.19049
0.91959,-0.12262,-0.37325
0.9819,-0.17584,0.070359
0.84747,0.4784,-0.23009
0.86969,-0.40519,0.28188
0.96521,0.24184,0.099418
0.42103,0.9061,-0.041442
0.88651,-0.40463,-0.22443
0.9715,0.071527,-0.22601
0.96551,0.16252,0.2034
0.96259,0.26801,0.039788
0.72439,-0.31779,-0.61178
0.81922,0.18116,0.54411
0.90349,-0.041902,-0.42655
0.98387,0.043234,0.17359
0.85528,0.41617,-0.30871
0.96497,-0.25401,-0.065697
0.98959,0.10582,-0.097523
0.57482,0.74554,-0.33729
0.81698,-0.32634,-0.47544
0.88695,0.42556,0.17948
0.95531,0.29554,-0.0054584
0.82092,0.47445,0.31779
0.65562,-0.41042,0.63381
0.71736,-0.69308,0.07096
0.88196,-0.37268,0.28854
0.96848,-0.11007,-0.22344
0.98111,-0.19193,0.024318
0.95175,0.275,-0.1362
0.97315,0.18062,0.14265
0.90969,-0.41189,0.052972
0.99578,-0.089022,0.022499
0.69749,0.18745,0.69164
0.85829,-0.094841,0.50432
0.89834,0.27176,-0.34516
0.98527,0.08925,0.1459
0.86547,-0.50095,0.0037269
0.92408,-0.38155,0.022258
0.97339,0.15491,-0.16888
0.99411,0.043428,0.099328
0.87297,-0.47249,0.12114
0.80939,-0.12076,0.57472
0.98476,-0.11246,-0.13263
0.77931,0.29749,0.55152
0.94493,-0.00569,0.32723
0.94396,0.1944,-0.26674
0.87275,-0.20301,-0.44396
0.94142,-0.10543,0.32033
0.97147,0.15069,-0.18313
0.99167,0.047098,0.1199
0.85855,0.23291,-0.45679
0.93037,-0.33061,-0.15846
0.63495,-0.49901,0.58976
0.87538,0.32692,-0.35615
0.9315,-0.026911,0.36275
0.93902,0.33823,0.061997
0.5696,0.80259,-0.17718
0.75611,0.40812,-0.5116
0.77565,-0.52434,-0.35133
0.84582,0.19565,0.4963
0.88292,-0.44043,-0.16271
0.88723,0.45293,-0.087594
0.91742,-0.39739,-0.020584
0.87387,-0.4854,0.02741
0.92243,0.083426,0.37704
0.95067,0.097039,-0.29464
0.9415,-0.21487,-0.25965
0.94347,0.23904,0.22964
0.92241,0.38138,-0.061003
0.86846,0.49062,-0.071284
0.99395,0.10304,0.037973
0.95277,0.11737,-0.28011
0.95906,0.26073,0.11057
0.87746,0.064563,0.47528
0.97846,0.036345,-0.20323
0.9633,-0.25805,-0.073963
0.89323,-0.33204,0.30313
0.78049,0.046269,0.62346
0.96894,-0.00066642,-0.24728
0.99999,0.0025568,-0.0020142
0.92975,0.29119,0.22533
0.86991,0.42285,-0.25388
0.85239,-0.061355,0.5193
0.94965,0.0057108,-0.31326
0.94346,0.16224,-0.28906
0.91162,-0.3821,0.1515
0.99359,-0.10396,-0.044399
0.93644,-0.22004,-0.27324
0.80698,0.022729,0.59014
0.98793,0.08886,-0.12687
0.90809,-0.41426,-0.061257
0.96121,-0.055142,-0.27027
0.89782,-0.35603,-0.25915
0.93886,-0.28722,0.18986
0.93467,-0.25279,0.24999
0.9514,-0.089722,-0.29461
0.80676,-0.28679,-0.51662
0.98962,-0.13817,-0.039563
0.99192,0.043877,0.11907
0.94808,0.018071,0.31752
0.89558,0.052268,-0.44182
0.92948,-0.29015,0.22778
0.90832,0.054349,0.41474
0.94781,0.29053,0.13133
0.86791,0.42682,-0.25408
0.948,0.1126,-0.2977
0.99744,-0.046804,-0.054052
0.3383,-0.18636,0.9224
0.77248,-0.13854,-0.61975
0.92067,-0.28226,-0.26963
0.96259,-0.087366,0.2565
0.90402,0.42747,-0.0025898
0.98913,0.13831,0.050002
0.91341,0.40443,-0.046064
0.65392,0.75651,-0.0088423
0.93425,0.11796,0.33654
0.93062,0.059756,0.36108
0.93676,-0.25369,-0.24108
0.99521,-0.043168,0.087753
0.92141,-0.034234,-0.38709
0.7787,-0.14935,0.60936
0.99384,0.074681,-0.081825
0.92999,-0.15169,-0.33482
0.93159,0.065013,-0.35765
0.93492,0.3359,0.11441
0.96444,0.14122,0.22342
0.98512,0.15912,0.064969
0.97111,-0.21059,-0.11223
0.81773,0.4816,-0.31525
0.98355,-0.18021,0.012761
0.9871,-0.10432,-0.12147
0.85852,0.51149,0.036408
0.94117,-0.11156,-0.319
0.95423,-0.12454,0.2719
0.97836,-0.18243,0.097642
0.90254,-0.22977,-0.36417
0.83267,-0.091137,0.54622
0.94652,0.28772,-0.14601
0.9252,0.16452,0.34195
0.76069,0.32896,-0.55959
0.87671,-0.12233,0.46521
0.94727,0.11341,0.2997
0.79564,0.59167,0.12992
0.88503,0.46553,-0.0032016
0.86072,-0.4339,0.26626
0.95524,-0.28812,-0.067067
0.99457,0.034194,0.098341
0.83297,-0.32744,0.44604
0.92223,0.29003,-0.25569
0.86107,0.4918,0.1292
0.90115,0.079437,-0.42617
0.9483,0.25986,0.18218
0.90512,0.42318,0.041061
0.58952,-0.7916,-0.16075
0.96908,0.21439,-0.12217
0.94827,0.25701,-0.18636
0.97801,-0.11417,0.17454
0.80939,0.057362,0.58447
0.85261,0.47829,0.21045
0.93366,-0.20116,-0.29632
0.77012,0.63513,-0.059367
0.99318,-0.1162,0.0097589
0.96373,0.26376,0.040579
0.99659,-0.069265,-0.044767
0.99098,0.12596,0.045814
0.98813,-0.12257,0.092616
0.9507,0.14302,0.27517
0.97472,-0.16157,0.15431
0.99588,-0.016564,-0.089201
0.94762,0.16939,-0.27077
0.96398,-0.14484,0.22307
0.98306,-0.11322,-0.14412
0.99876,-0.04559,-0.020187
0.98743,-0.15562,-0.02773
0.96013,0.058954,-0.27327
0.41488,-0.56565,-0.71268
0.93662,-0.10062,-0.3356
0.89958,0.41244,-0.1437
0.98414,-0.17527,0.027331
0.84662,-0.3299,0.41761
0.91594,-0.17962,-0.35886
0.95393,0.22377,0.19985
0.8254,0.083355,0.55837
0.94846,0.31373,0.044733
0.91766,0.12425,-0.37744
0.99,0.001064,-0.14104
0.73497,0.45495,-0.50283
0.76568,-0.31939,0.55833
0.9831,-0.1537,0.099426
0.76059,0.63678,-0.12653
0.97836,0.031469,0.20451
0.99522,-0.097524,-0.0049546
0.99681,0.058295,-0.054463
0.98649,0.15471,0.053788
0.95639,-0.2383,-0.16889
0.91017,0.11238,0.39871
0.95268,0.012564,0.30372
0.9612,-0.046239,-0.27195
0.88465,-0.43691,0.16278
0.64269,-0.72446,0.24922
0.92591,0.05375,0.37389
0.87431,-0.4504,-0.18087
0.89452,0.37931,-0.23654
0.70486,0.59803,0.38149
0.98342,0.12727,0.12918
0.96497,0.24099,0.10367
0.93521,-0.075779,0.34588
0.89257,-0.23129,-0.38707
0.85983,-0.23483,0.45337
0.9795,-0.13816,-0.14658
0.6449,0.76254,-0.051434
0.90362,-0.41437,0.10849
0.98513,-0.13463,-0.10679
0.91559,-0.40076,-0.032869
0.94658,0.038235,0.32019
0.79145,-0.54387,0.27896
0.98747,-0.014645,-0.15713
0.93938,-0.33898,0.051614
0.89766,-0.43486,-0.071467
0.7853,0.08937,-0.61264
0.94559,-0.078482,0.31574
0.98775,-0.0015831,0.15601
0.97413,0.01004,-0.22578
0.89468,0.23727,0.37848
0.98852,-0.016908,-0.15012
0.93907,0.27866,-0.20121
0.98067,0.18022,0.076213
0.85279,-0.47254,-0.22239
0.99987,0.0035309,0.01583
0.80468,-0.42166,0.41796
0.95718,-0.2451,0.15404
0.9356,0.26382,-0.23463
0.89484,0.09738,-0.43564
0.9898,0.039688,-0.13684
0.87402,0.34859,0.33849
0.6904,0.71315,0.12153
0.97388,-0.19443,-0.11729
0.83111,-0.44063,-0.33928
0.76593,0.57889,0.2797
0.93705,0.34786,0.030316
0.99289,-0.029738,-0.1153
0.90044,0.084978,-0.42659
0.99241,-0.070861,-0.10046
0.89689,-0.0093293,0.44216
0.97714,-0.20777,0.045078
0.86178,-0.32028,0.39339
0.94468,-0.066534,-0.32118
0.85024,-0.34374,-0.39867
0.97305,-0.20541,-0.10477
0.94234,-0.3137,-0.11658
0.9649,-0.037216,-0.25997
0.92682,0.3714,-0.055376
0.93482,-0.13852,0.32698
0.75047,-0.43036,0.50159
0.83449,-0.33627,-0.43652
0.98563,0.1187,0.12022
0.94247,0.22797,-0.24448
0.97379,-0.22333,0.04299
0.93312,-0.12817,-0.33595
0.95952,0.039996,-0.27877
0.85667,0.47948,-0.19029
0.96825,-0.20172,-0.14767
0.99977,0.02147,0.0010665
0.54567,0.72369,0.42252
0.97233,-0.21569,-0.089721
0.85993,0.15918,0.48495
0.96763,0.22308,-0.11801
0.96784,0.25155,-0.0031659
0.9287,-0.36749,-0.049696
0.9734,-0.19424,0.12151
0.59621,0.79484,-0.11294
0.82824,0.47998,0.28921
0.97763,-0.1755,-0.11594
0.99551,-0.070105,0.063604
0.92028,0.20425,-0.33371
0.80241,0.34301,0.48835
0.97375,-0.077266,-0.21408
0.96213,0.12281,-0.24338
0.82304,-0.17512,-0.54032
0.98665,0.15692,0.043516
0.89756,-0.44007,0.02695
0.94733,-0.10371,-0.30301
0.92806,0.25332,0.27301
0.98759,0.14817,0.052047
0.81878,-0.12757,-0.55975
0.99183,0.031618,-0.12361
0.88899,0.45321,0.065605
0.88843,0.45874,0.015617
0.96947,-0.10992,0.21918
0.93853,-0.32186,-0.12476
0.9966,0.045249,-0.068871
0.98661,0.12762,-0.10159
0.97374,0.22474,-0.036461
0.77721,-0.62725,0.050024
0.84773,-0.50488,0.16265
0.96387,0.15397,0.21737
0.83584,0.11793,0.53615
0.98351,-0.17601,-0.041527
0.93936,-0.15999,0.30332
0.54643,-0.17386,0.81926
0.87474,0.041124,-0.48285
0.99314,0.075848,-0.089028
0.89165,0.00069094,0.45272
0.97649,0.10352,-0.18907
0.93912,-0.29466,0.17674
0.91118,-0.26598,0.31466
0.89863,-0.24879,0.36135
0.81118,-0.3474,-0.47042
0.86419,0.16255,0.47619
0.92888,0.35873,-0.092187
0.98791,0.10156,0.11715
0.9357,0.3528,-0.0014601
0.9641,-0.065018,-0.25745
0.91412,-0.4054,-0.0051447
0.85102,-0.51914,0.079075
0.83199,0.47177,-0.29195
0.89356,0.16499,0.41752
0.98617,0.019518,-0.16456
0.96223,-0.26068,-0.078526
0.69108,-0.48619,-0.53481
0.87299,0.47756,0.099098
0.92389,0.12724,0.36089
0.85154,0.40318,0.33516
0.76338,-0.090044,0.63964
0.61854,0.73099,0.28822
0.93101,-0.34983,0.10414
0.9586,-0.27326,-0.080155
0.67816,0.30573,0.6683
0.98347,0.060694,0.17058
0.75407,0.56966,0.3269
0.90215,-0.022135,0.43086
0.83498,0.39055,0.38767
0.95134,0.1283,-0.28016
0.92377,-0.29639,-0.2425
0.99576,-0.023941,-0.088787
0.96615,-0.13959,-0.21695
0.97525,-0.044994,-0.21648
0.68994,0.51574,-0.50793
0.98168,-0.012391,-0.19014
0.91132,0.23182,-0.34024
0.84854,-0.12621,-0.51385
0.91634,0.01047,-0.40027
0.75228,0.21493,-0.6228
0.73942,0.64771,-0.18367
0.8227,-0.11258,0.55722
0.87321,0.044059,-0.48535
0.71231,-0.60676,-0.35279
0.89452,-0.35625,-0.27005
0.95859,0.12884,-0.25399
0.8931,-0.35968,0.2702
0.95477,0.032941,-0.29553
0.91842,0.22939,0.32231
0.97202,-0.083599,-0.21953
0.93718,-0.25196,-0.24127
0.97413,-0.012523,-0.22563
0.91848,-0.38853,-0.0738
0.96761,0.15478,-0.19941
0.90757,-0.1815,-0.37865
0.97732,0.19059,-0.092301
0.91606,-0.39356,-0.077046
0.84109,-0.15454,0.51834
0.96215,-0.24581,-0.11771
0.9722,0.17148,-0.15947
0.98099,0.069187,0.18128
0.99606,-0.0065696,0.088447
0.97976,0.17272,-0.10113
0.94224,0.17965,-0.28268
0.85175,-0.27134,-0.44822
0.81865,-0.0876,0.56757
0.69464,-0.71686,0.059819
0.8846,-0.088531,0.45787
0.94809,0.083695,0.3068
0.99415,-0.036708,0.10153
0.93171,-0.29336,0.21413
0.73912,-0.65905,0.13914
0.95273,0.2826,0.11157
0.80915,0.15243,-0.56749
0.94994,0.12653,-0.28565
0.96548,0.25351,-0.059861
0.97575,-0.058237,-0.21102
0.99746,-0.051169,0.04963
0.98381,-0.025802,0.17737
0.94306,0.20359,0.26304
0.91741,-0.39708,-0.02626
0.94766,-0.26767,0.17404
0.97692,-0.13404,-0.16631
0.8638,0.497,0.082716
0.91183,0.070404,0.40449
0.81826,0.32247,-0.47588
0.95485,-0.21016,0.21
0.91211,0.30167,0.27759
0.98953,0.075373,0.12309
0.8033,-0.4763,0.35756
0.78607,0.59437,-0.16976
0.92353,0.31048,-0.22515
0.97005,0.23998,-0.037689
0.94761,0.31811,0.028865
0.97283,0.23031,0.023503
0.9112,0.39971,-0.099702
0.92697,-0.012808,-0.37492
0.84005,-0.39678,0.36998
0.92816,0.35109,0.12347
0.8831,0.43088,0.18566
0.89006,-0.41616,0.18604
0.92632,-0.34848,-0.14313
0.99575,-0.025927,0.088414
0.98972,0.12167,-0.07521
0.88353,0.45195,-0.12296
0.80719,-0.10308,0.58122
0.72569,0.67612,-0.12747
0.96835,0.11746,0.22024
0.95772,0.27627,-0.080251
0.94276,-0.26696,0.19982
0.94194,-0.04269,-0.33306
0.98583,0.15788,0.056746
0.97935,0.026389,-0.20045
0.48292,-0.61499,0.62337
0.89269,-0.26199,0.36671
0.84039,0.45205,0.29899
0.90109,-0.42878,0.064725
0.91336,-0.21333,0.34679
0.91382,-0.39273,-0.10338
0.92074,0.3083,0.23916
0.94732,-0.029493,-0.31893
0.92779,-0.059691,-0.36829
0.97626,0.14391,0.16186
0.53874,0.11545,0.83453
0.73466,-0.65634,0.17173
0.9541,-0.20286,0.22033
0.84973,-0.52517,-0.046511
0.98106,0.034564,-0.19059
0.77153,0.37372,-0.51486
0.91402,0.38178,-0.13718
0.95798,-0.23257,0.16786
0.90296,0.19584,-0.38251
0.75379,0.0075494,0.65707
0.80149,0.05712,-0.59527
0.95516,0.29608,0.0018623
0.9851,0.01611,-0.1712
0.72049,0.69272,-0.032171
0.9198,-0.02832,0.39135
0.88757,-0.30358,0.3465
0.97762,-0.1842,-0.10162
0.91451,-0.21667,0.34164
0.69144,0.38946,-0.60846
0.99233,0.12002,-0.029531
0.79286,0.26123,-0.55058
0.98859,0.029178,0.14779
0.91547,0.22621,-0.33278
0.98932,-0.10314,0.10299
0.7833,0.3731,0.49723
0.92767,-0.3061,0.21385
0.94141,-0.0081956,-0.33716
0.97353,-0.22787,-0.017791
0.8668,-0.17291,-0.46771
0.99325,-0.021825,0.11394
0.89878,0.34979,0.26429
0.81696,0.32271,-0.47796
0.92037,0.05162,0.38762
0.86259,0.20414,-0.46289
0.92311,0.34567,0.16846
0.96039,0.2704,-0.067299
0.88941,0.42185,0.17607
0.86888,-0.48921,-0.075665
0.97084,-0.14961,0.1873
0.90798,0.36591,0.20414
0.8812,-0.22619,-0.41511
0.80531,0.37054,-0.46278
0.94341,-0.00486,-0.33159
0.95239,0.072906,-0.29602
0.92153,0.25744,-0.29069
0.81545,-0.44019,-0.37587
0.89796,0.43613,0.058782
0.97913,-0.16152,-0.12338
0.98333,-0.15474,0.09549
0.91373,-0.19738,0.35515
0.84264,0.10701,0.52773
0.98112,0.16008,-0.10853
0.98009,-0.14049,-0.14029
0.93173,-0.25213,0.26137
0.93435,0.34924,0.0709
0.92669,0.10648,-0.36042
0.79934,0.46366,-0.3822
0.95188,-0.27458,0.1361
0.85566,-0.47915,-0.1956
0.9521,0.21643,-0.21602
0.63339,-0.48003,-0.60695
0.92474,0.28758,0.2493
0.91652,-0.24074,0.31944
0.96107,0.25102,0.11549
0.8206,0.50801,0.26179
0.83953,0.54258,0.028055
0.9485,0.31453,-0.037767
0.99317,-0.10813,0.043756
0.91666,-0.29853,0.26572
0.98104,0.084868,0.17421
0.98521,-0.17075,-0.014496
0.53451,0.58825,-0.60684
0.99384,-0.047299,-0.10018
0.96552,-0.16462,0.20168
0.98123,-0.1469,0.12489
0.97719,0.21207,0.010873
0.93717,-0.24356,0.24979
0.92037,-0.32045,-0.22415
0.8654,0.11412,-0.48792
0.7013,0.58794,-0.40313
0.98661,0.14965,0.064863
0.95507,0.035746,-0.29422
0.98161,0.032441,-0.18812
0.93673,0.1549,0.31392
0.87288,0.48731,0.024576
0.90862,-0.12151,0.39956
0.97786,-0.20832,-0.019822
0.96708,-0.18835,-0.17109
0.85004,0.018283,-0.5264
0.94403,-0.28093,0.17288
0.96196,-0.25917,-0.086376
0.90488,-0.42559,-0.0078272
0.95286,0.2709,0.13664
0.87891,0.23014,0.41779
0.99879,0.036101,-0.033512
0.75481,-0.45654,-0.47099
0.89191,-0.3962,0.21799
0.91423,0.39378,0.09548
0.90447,-0.41843,-0.08269
0.83474,-0.18865,0.51732
0.94447,-0.27845,0.1745
0.89617,0.019337,0.44328
0.98214,-0.18644,0.025411
0.91505,-0.38623,0.11622
0.9908,-0.12993,-0.037937
0.93992,-0.20739,0.27118
0.96806,0.027871,0.24916
0.98995,-0.065819,0.12514
0.93767,0.33523,0.091588
0.81221,0.57596,-0.092669
0.92855,0.15398,0.33776
0.9949,0.094851,-0.034429
0.99048,0.13549,-0.02428
0.81032,0.57893,-0.090655
0.86946,-0.44651,0.21133
0.89961,-0.12387,0.41875
0.97511,0.012203,-0.22137
0.94186,-0.29851,-0.15423
0.96785,-0.22393,0.11454
0.98928,0.026475,-0.14361
0.95938,0.18039,0.21689
0.89514,0.069279,0.44037
0.89321,-0.12688,0.43136
0.76655,0.20935,-0.60711
0.9742,0.18373,0.13109
0.94541,-0.11464,0.30504
0.91492,0.18291,-0.35982
0.8402,0.47873,-0.25471
0.96644,-0.22269,-0.12809
0.93936,-0.17045,-0.29757
0.97583,-0.21098,-0.056892
0.93196,-0.14722,-0.33134
0.82157,0.079867,0.56449
0.94058,0.32211,0.10746
0.98201,-0.13396,0.13312
0.95876,-0.28395,0.01222
0.84736,0.20742,-0.48883
0.95166,-0.24433,0.18612
0.94082,-0.27054,-0.20411
0.89295,0.19275,0.40679
0.85298,-0.51009,0.11064
0.98186,0.060141,0.17983
0.94164,-0.3215,0.099788
0.94663,0.28505,0.15045
0.92609,0.37612,0.029925
0.9834,0.0646,-0.16954
0.87476,0.34096,0.3443
0.93371,-0.35767,0.015759
0.9311,-0.36298,-0.036017
0.97668,-0.18053,0.11618
0.84247,0.23818,0.48323
0.88994,0.054729,0.45278
0.92946,-0.11777,0.34962
0.95134,-0.19576,0.23799
0.90347,0.25415,-0.34518
0.94405,-0.082629,-0.31928
0.95169,0.1667,0.25788
0.91415,0.32749,0.23891
0.89877,0.30934,0.31069
0.92684,0.20249,0.31618
0.96649,-0.082774,0.243
0.40924,0.39525,-0.82237
0.98112,-0.17679,-0.078366
0.91689,-0.35901,-0.17443
0.98939,0.11415,-0.089897
0.94053,0.33237,-0.070274
0.74725,-0.58716,0.31124
0.8272,0.5586,-0.060922
0.80458,-0.4824,-0.34631
0.8693,-0.39935,0.29128
0.83116,-0.41154,0.37391
0.93166,0.31554,-0.18011
0.96058,-0.00018635,0.27801
0.70346,-0.26706,-0.65865
0.97995,0.13557,0.14604
0.98914,-0.14376,0.030524
0.9981,-0.041159,-0.04583
0.94018,0.25493,0.22599
0.89599,0.0023437,-0.44407
0.89886,-0.43713,-0.031142
0.99781,0.048745,0.044776
0.92302,-0.070794,-0.37819
0.78087,-0.1918,0.59453
0.89953,0.41911,0.12326
0.93799,0.34045,-0.065338
0.99982,-0.0053702,0.018341
0.97414,-0.10026,-0.20246
0.95501,0.037775,-0.29417
0.92912,0.039483,-0.36766
0.71492,-0.58941,-0.37614
0.80655,-0.21749,0.54971
0.98899,0.039478,-0.14261
0.99233,-0.12277,0.014729
0.98433,0.16467,-0.063153
0.94029,0.029194,0.33912
0.93742,-0.15968,0.30942
0.7972,-0.39536,0.45626
0.57696,0.0078647,0.81673
0.95359,-0.30101,-0.0080586
0.97917,0.15588,0.13012
0.66706,-0.59998,0.44166
0.86569,-0.15219,-0.47688
0.95688,0.27216,0.10158
0.97137,-0.025621,-0.23618
0.85013,-0.03081,0.52567
0.89425,0.30578,-0.32683
0.97696,0.16152,0.1395
0.84063,0.54073,0.030797
0.83692,-0.4231,0.34721
0.98007,-0.19768,0.019659
0.99673,0.078875,-0.017438
0.78738,-0.49755,-0.36397
0.97655,0.16244,0.14128
0.88209,-0.42625,-0.20056
0.95362,-0.27006,-0.13293
0.86686,0.08478,-0.4913
0.9637,0.25575,-0.076631
0.79516,-0.2588,0.54839
0.99615,-0.087218,0.0083662
0.92217,0.29875,0.24568
0.98569,0.16382,-0.039619
0.96146,-0.26953,-0.0543
0.94445,-0.3283,-0.01537
0.92258,-0.14015,-0.35945
0.66437,-0.7257,0.1788
0.89525,0.31477,-0.31534
0.87777,0.21342,-0.42892
0.97125,-0.0087261,-0.23792
0.97374,0.11261,-0.19786
0.87501,-0.34299,-0.34165
0.87723,-0.35282,-0.32556
0.9467,0.061234,-0.31623
0.91841,-0.36102,-0.16185
0.85993,-0.43382,-0.2689
0.56246,0.71409,-0.41679
0.83415,0.40136,0.3783
0.98692,0.05251,0.15245
0.92717,-0.32803,0.18098
0.98733,0.1539,0.038625
0.98365,0.077315,-0.16266
0.9375,0.20448,0.28156
0.48953,-0.51547,0.70332
0.82042,0.50977,0.25892
0.74909,0.39199,0.53406
0.86865,-0.41724,-0.26713
0.99497,0.06698,-0.074428
0.92826,-0.20036,-0.31334
0.58757,0.29261,-0.75442
0.87941,0.40956,-0.24268
0.93536,0.17008,-0.31013
0.89828,-0.43939,-0.0055703
0.98283,0.14972,-0.10782
0.9739,0.008323,0.22683
0.92618,-0.13488,-0.35214
0.98677,-0.082292,0.13966
0.95571,-0.23842,0.17257
0.877,0.34934,0.32989
0.81251,0.24773,-0.52769
0.93372,-0.30004,0.19529
0.99343,-0.0097096,0.11403
0.96594,-0.25234,-0.057327
0.93576,0.058943,-0.34769
0.97942,-0.034565,-0.19884
0.94216,-0.30743,0.13354
0.92921,-0.25391,0.26852
0.8962,-0.23672,0.37522
0.77308,-0.12828,-0.6212
0.96323,-0.00090613,0.26869
0.83759,0.41686,-0.35308
0.9721,-0.22398,0.069654
0.99845,-0.0045946,-0.055518
0.99687,0.046902,0.063675
0.92546,-0.02389,0.37809
0.76819,-0.43035,0.47401
0.80593,0.1594,-0.57015
0.85378,-0.39469,-0.33952
0.97969,0.18555,-0.07598
0.54396,-0.20651,0.81331
0.99748,-0.0028082,0.070883
0.95507,-0.25603,0.14928
0.69817,0.28146,-0.65829
0.97743,0.1903,-0.091743
0.886,0.28045,-0.36926
0.95436,-0.17781,0.23997
0.87189,0.43712,-0.22075
0.76508,-0.45222,0.45843
0.98832,0.10432,0.11113
0.93701,-0.19859,-0.28735
0.87885,0.077304,0.47079
0.89571,-0.3398,0.28679
0.84596,-0.5078,-0.16277
0.93095,0.31074,-0.19175
0.87534,0.011502,-0.48338
0.82758,-0.53842,0.15879
0.93758,0.31745,-0.14205
0.96184,-0.18982,-0.19707
0.95734,0.13134,0.2574
0.74703,0.23789,-0.62076
0.96142,-0.16387,-0.22094
0.94533,0.31587,0.081121
0.9633,-0.24722,0.10459
0.88102,-0.47286,-0.0145
0.87269,0.053028,0.48538
0.9193,0.38656,0.073876
0.98653,0.16178,-0.024234
0.47525,-0.86657,-0.15232
0.98152,0.1822,-0.058422
0.9673,-0.25053,-0.039461
0.99923,-0.018277,0.034665
0.86743,-0.48947,-0.089313
0.98382,0.17613,-0.032798
0.96694,0.2498,0.051339
0.91301,0.36957,0.17271
0.99185,-0.045216,-0.11914
0.96163,0.053521,-0.26907
0.99169,0.0057261,0.12851
0.96887,-0.21753,-0.11821
0.89778,0.041135,0.43852
0.95613,0.16604,0.24135
0.90789,-0.40756,0.098089
0.83979,-0.44259,-0.31443
0.90468,0.42594,0.011347
0.94963,-0.13931,-0.28071
0.89082,-0.2203,0.39737
0.92982,-0.2786,-0.24046
0.96015,0.14964,-0.23606
0.97419,0.15992,0.1593
0.99984,-0.004644,-0.017171
0.93713,-0.27314,0.21721
0.8744,0.11032,-0.47251
0.75933,0.10055,0.64289
0.99736,-0.025882,0.067792
0.85899,-0.32002,0.39967
0.92107,0.01292,-0.38917
0.97725,-0.208,-0.04156
0.81824,-0.3774,0.43364
0.89704,0.30329,0.32144
0.7795,-0.62228,0.071805
0.98608,0.066414,0.15243
0.9578,0.25864,-0.12543
0.876,-0.44958,-0.17462
0.96868,0.21962,-0.11588
0.94737,-0.26245,0.18332
0.98182,-0.15848,-0.10446
0.91077,-0.39875,0.10722
0.85216,0.07756,0.5175
0.89173,0.40035,0.21103
0.96948,0.072595,-0.23418
0.92606,-0.37267,-0.059443
0.97359,-0.22503,0.038453
0.99858,-0.012064,0.051813
0.96956,-0.080956,-0.23108
0.98724,-0.093854,-0.12864
0.8705,0.46937,0.14807
0.97676,-0.025175,0.21284
0.88,-0.36188,-0.30765
0.99043,-0.12914,0.048671
0.86331,0.50322,-0.038332
0.92525,-0.051536,-0.37584
0.75648,0.54624,-0.35966
0.97806,-0.022729,-0.2071
0.82383,-0.031153,0.56598
0.98889,-0.14811,-0.01292
0.83562,0.075487,0.5441
0.91863,-0.18375,-0.3498
0.91141,-0.34313,-0.22715
0.82694,0.28915,-0.48225
0.95312,0.26407,-0.14774
0.93608,-0.29022,-0.19879
0.96497,-0.18452,0.18651
0.99486,-0.035973,0.094635
0.96457,-0.054049,-0.25822
0.79896,-0.04673,0.59957
0.9147,0.24089,0.32448
0.93451,0.26519,0.23742
0.98577,-0.16466,-0.033811
0.79466,-0.32994,-0.50957
0.90106,0.37688,-0.21458
0.98986,0.015759,-0.14116
0.99912,0.0052888,0.041663
0.97723,0.14883,-0.15123
0.88159,-0.43474,0.18386
0.97714,-0.13973,-0.16022
0.99301,0.0015392,-0.118
0.93866,-0.19191,-0.28652
0.81901,-0.55591,-0.14208
0.99486,-0.10102,-0.0072763
0.76226,-0.62537,-0.16696
0.99111,0.084966,-0.10236
0.7855,-0.38955,-0.48087
0.9503,-0.14961,0.27305
0.9697,0.024102,0.24311
0.9853,-0.0014086,0.17081
0.91099,0.12712,0.39236
0.77655,-0.18819,0.6013
0.89459,-0.415,-0.16578
0.8903,0.10889,0.44217
0.95112,-0.087335,0.29623
0.84644,-0.49386,0.19912
0.90241,-0.32144,0.28694
0.96694,-0.10897,-0.23053
0.94035,-0.052239,-0.33617
0.93592,-0.34294,-0.080244
0.9264,0.19931,-0.31946
0.99256,0.056491,0.10789
0.99542,0.040151,-0.086751
0.63797,-0.12006,-0.76065
0.88372,-0.33153,0.33034
0.88192,-0.033788,-0.47018
0.89535,-0.19192,0.40189
0.9467,-0.2337,-0.22167
0.94203,0.3024,0.14539
0.97743,-0.16166,-0.136
0.7615,-0.17786,0.62329
0.95367,0.044385,0.29755
0.80736,-0.013026,-0.58991
0.96771,0.14284,0.20769
0.99409,0.028248,-0.10483
0.99609,0.029812,0.08322
0.84086,0.48794,-0.23423
0.80647,0.32596,0.49331
0.93154,0.33441,-0.14283
0.8423,-0.4678,0.26775
0.83307,-0.51461,-0.20291
0.99606,0.088465,0.0061791
0.80698,-0.51935,-0.28116
0.91072,0.20736,-0.35721
0.80519,0.52981,-0.26639
0.98762,0.062309,0.14399
0.9375,-0.22098,-0.26881
0.88092,0.28258,0.37964
0.81061,0.42226,-0.40571
0.8724,0.48878,-0.0031063
0.91781,0.36064,-0.16603
0.96763,-0.071066,0.24216
0.95467,0.21199,0.20896
0.96614,0.036242,-0.25548
0.97365,0.059196,-0.22025
0.94084,0.014806,-0.33851
0.8769,0.46587,0.11837
0.93645,0.022714,-0.35007
0.94535,0.27611,-0.17345
0.98362,0.1795,-0.016465
0.89886,0.041213,-0.43629
0.97066,-0.18281,0.1562
0.99938,0.0084792,0.03419
0.864,-0.079823,0.49712
0.96015,-0.077749,-0.26844
0.72005,0.325,-0.6131
0.99929,-0.0018717,-0.037523
0.96133,-0.26166,-0.085936
0.88834,0.33705,0.31183
0.99934,0.036312,-0.0012571
0.98184,-0.17159,-0.080861
0.99081,0.0039445,0.13524
0.99169,-0.12601,-0.025805
0.83773,0.015434,0.54586
0.86098,-0.11793,0.49478
0.86708,-0.44827,0.21733
0.81419,-0.55949,-0.15513
0.85083,-0.44162,-0.28472
0.8524,-0.22441,-0.47229
0.88219,0.33923,0.3266
0.92307,0.23042,0.30797
0.98413,-0.1508,0.093575
0.97878,0.00017669,0.2049
0.89326,-0.42407,-0.14915
0.7882,-0.48672,0.37663
0.94004,0.073635,0.33302
0.90603,0.14443,0.3978
0.96422,-0.052648,0.25984
0.94112,-0.18481,0.28307
0.89573,0.29525,0.3324
0.83368,0.51868,-0.18959
0.92397,0.1959,0.32849
0.9754,-0.13351,-0.17539
0.94577,0.14569,0.29034
0.97197,-0.15639,-0.17554
0.87815,-0.47797,-0.020181
0.89509,0.082821,0.43813
0.98049,0.19449,-0.028507
0.72463,-0.37964,0.57514
0.86053,-0.503,0.080496
0.95659,0.16068,0.24316
0.79502,-0.37882,-0.47375
0.56768,0.61387,-0.54855
0.95137,-0.30789,-0.010044
0.94275,-0.12304,0.30996
0.98956,-0.1433,-0.015661
0.96411,0.26218,-0.041747
0.8371,-0.024626,-0.54649
0.90403,-0.4191,0.08414
0.94871,-0.1323,-0.28712
0.98995,-0.039464,-0.1358
0.96431,0.10088,-0.24482
0.75395,0.41196,0.51171
0.93297,0.20452,-0.2962
0.74939,0.38662,0.53753
0.95996,0.20335,-0.19271
0.94135,-0.33726,0.011215
0.70868,-0.45003,0.54337
0.85034,-0.11046,0.51451
0.95951,-0.020501,0.28094
0.99721,-0.06061,-0.043687
0.98673,-0.15739,-0.039793
0.71476,0.54445,-0.43896
0.88956,0.054061,-0.45361
0.9974,-0.067953,0.024182
0.85006,-0.4856,-0.20394
0.8865,-0.42621,-0.18019
0.99153,0.025298,-0.1274
0.92513,0.29541,-0.23846
0.91548,-0.17835,0.36068
0.92645,-0.095277,0.36417
0.95369,0.12348,-0.27427
0.97823,0.05367,-0.20046
0.88172,0.14673,-0.44837
0.94898,-0.30746,-0.069987
0.92093,0.17813,0.34664
0.97938,-0.18381,-0.08382
0.99782,-0.060468,0.026394
0.91489,-0.39303,-0.092237
0.78011,0.36185,-0.51039
0.82247,0.078592,0.56335
0.94989,0.16641,-0.26462
0.96525,0.13804,0.22189
0.9979,-0.064284,-0.0078281
0.98888,0.13905,-0.052774
0.75792,-0.39782,-0.517
0.97566,0.046227,-0.21436
0.98336,-0.15704,-0.091289
0.98819,-0.13451,-0.073428
0.95529,0.19234,-0.22457
0.9907,-0.13494,-0.01739
0.92193,0.21684,0.32099
0.95564,0.058376,0.28868
0.96596,0.058457,0.252
0.80768,0.3355,-0.48486
0.9769,0.0065331,-0.2136
0.80774,-0.51603,0.28509
0.96898,-0.12721,0.21187
0.82185,0.4841,-0.30036
0.99579,-0.065914,0.063698
0.99839,0.037798,-0.042203
0.9339,0.020432,-0.35696
0.9808,0.19384,-0.021497
0.918,0.3776,0.12121
0.95362,0.037752,0.29865
0.89693,-0.3179,0.30734
0.97557,-0.012252,-0.21935
0.89823,0.0119,0.43936
0.99145,-0.13035,0.0056193
0.6692,0.32791,-0.66681
0.76591,0.2369,-0.59771
0.93046,0.20593,0.30303
0.99499,-0.094698,-0.031903
0.99039,0.10641,-0.088293
0.97252,0.14771,-0.17999
0.93887,-0.17261,0.29787
0.98224,0.10376,0.15631
0.76113,0.36908,-0.53335
0.57403,0.63926,-0.5117
0.91697,-0.39558,0.051763
0.85092,0.042011,-0.52361
0.96927,-0.22362,0.10248
0.88568,-0.4114,-0.21524
0.83823,-0.43337,-0.33101
0.82696,-0.27447,-0.49071
0.72926,-0.52316,0.44101
0.89712,0.42437,0.12283
0.97455,-0.22304,0.022687
0.95613,-0.29005,-0.041001
0.85674,-0.27047,0.43915
0.97864,0.19475,0.065792
0.95561,0.29361,-0.024707
0.92779,-0.34511,0.14177
0.97086,-0.20332,0.12688
0.94924,0.28277,-0.13781
0.95191,-0.25648,0.16762
0.82365,0.54027,0.17234
0.99908,-0.025,0.034855
0.8745,0.30318,-0.37858
0.99165,0.1263,0.025938
0.9172,0.38863,0.087839
0.98527,0.023479,0.16936
0.97018,-0.18593,-0.15553
0.95439,0.091383,0.28424
0.93627,-0.0023743,0.35127
0.60488,0.18732,-0.77397
0.45696,-0.48317,-0.74682
0.94678,-0.1561,-0.28151
0.89103,-0.43275,-0.13711
0.97359,-0.12967,0.18793
0.81267,-0.53734,0.22546
0.76144,-0.10736,-0.63929
0.92849,0.28823,-0.23417
0.91267,-0.26795,0.30861
0.88324,-0.34273,-0.32003
0.79003,0.49444,0.36246
0.9908,-0.1029,0.087948
0.96717,0.11798,-0.22508
0.79777,0.55635,0.23246
0.90587,-0.30581,-0.29306
0.99894,-0.03803,0.025823
0.94039,0.28736,-0.18191
0.96014,0.10716,-0.25815
0.84455,-0.36113,0.39537
0.76977,-0.27922,0.57401
0.97451,0.051431,0.21838
0.90277,0.19977,-0.38091
0.96657,-0.10095,-0.23569
0.83355,-0.083226,-0.54614
0.86809,0.47582,-0.14149
0.90732,-0.14549,-0.39447
0.9285,-0.36586,-0.063487
0.92879,0.1837,0.32187
0.82943,0.21765,-0.51447
0.94681,-0.31705,0.055106
0.98722,0.099214,-0.1247
0.99022,-0.12975,-0.051232
0.92024,0.26612,-0.28695
0.99872,-0.012658,-0.048998
0.9815,-0.15771,0.10859
0.95934,-0.22904,0.16498
0.86321,-0.38304,-0.32886
0.89783,-0.4289,0.0997
0.83335,-0.3903,0.39139
0.91687,-0.39903,-0.010797
0.99028,0.1384,0.013503
0.99188,0.053221,-0.11551
0.96186,-0.2548,-0.099542
0.86603,-0.11145,0.48742
0.95147,-0.30771,-0.0030178
0.96621,0.23997,0.094093
0.99247,0.12151,-0.015574
0.98014,-0.19702,0.022309
0.96015,0.26497,0.088841
0.97352,-0.20826,0.094294
0.95467,0.20123,-0.21934
0.63449,0.52073,-0.57119
0.99516,-0.06687,0.071998
0.96972,0.18236,-0.16243
0.85727,0.11561,0.50172
0.94914,-0.26729,-0.16642
0.95588,-0.2682,-0.11981
0.94872,0.10286,-0.29892
0.92621,-0.13021,0.3538
0.8569,-0.50647,0.09596
0.97485,0.20419,0.089327
0.96915,0.21035,-0.12846
0.87264,0.44709,0.1965
0.88233,0.38394,-0.2722
0.97867,-0.17506,0.10753
0.91879,0.18799,0.3471
0.92325,-0.3842,0.00039463
0.99136,0.11947,-0.054209
0.7833,0.097121,-0.61401
0.94263,-0.25598,0.21427
0.9485,-0.26504,-0.17347
0.84138,-0.066865,-0.53629
0.98468,0.15148,0.086331
0.95982,-0.07444,-0.27055
0.93185,-0.32915,0.15269
0.79194,0.5449,0.27552
0.96265,-0.028575,0.26924
0.84496,0.21305,-0.49056
0.8809,0.23697,-0.40971
0.83402,-0.55173,0.0010583
0.9774,-0.16454,-0.13275
0.98359,0.14491,-0.10752
0.9194,-0.049252,0.39023
0.91836,0.3845,0.093679
0.90418,0.4192,-0.082029
0.82765,0.25268,-0.50115
0.90397,-0.0067727,-0.42755
0.98726,0.073707,-0.14102
0.90217,-0.0049718,-0.43136
0.95645,0.055972,0.2865
0.99839,-0.030883,0.047595
0.95712,-0.23924,-0.16338
0.99035,-0.014047,-0.13788
0.88651,0.027121,-0.46192
0.99672,-0.023677,0.077397
0.91032,0.19215,0.36661
0.94781,-0.18023,-0.263
0.89363,-0.43982,0.089351
0.89488,0.42693,-0.13011
0.98244,-0.031695,-0.18386
0.95472,0.065656,-0.29016
0.97639,-0.20584,0.065532
0.99175,-0.099641,0.080584
0.98376,0.16443,-0.071992
0.95134,0.028497,-0.30682
0.97332,0.15267,-0.17128
0.90766,-0.10369,0.4067
0.97782,0.15834,-0.1371
0.96365,0.20861,0.16693
0.96077,0.27697,-0.014299
0.97208,0.060175,0.22682
0.94977,0.22366,-0.21889
0.92563,0.17682,-0.33457
0.92887,-0.28985,-0.23061
0.87952,0.47425,-0.03923
0.91731,-0.18924,0.35032
0.89997,0.1792,-0.39742
0.83143,0.52115,0.19269
0.93255,-0.29571,-0.20713
0.97263,-0.22611,0.053589
0.94134,-0.31072,-0.13165
0.79229,-0.47603,0.38168
0.93322,0.16062,-0.32141
0.8941,0.41237,-0.17478
0.88981,-0.43972,-0.12198
0.92283,-0.25805,-0.286
0.98642,0.11341,0.11882
0.89288,-0.40294,-0.20102
0.97694,-0.13672,0.16402
0.9889,0.14851,0.0042779
0.90329,0.42359,0.068095
0.88146,0.034795,-0.47098
0.79278,0.20611,-0.57359
0.94469,0.2702,0.18588
0.97694,0.041574,0.20944
0.97164,0.18014,-0.15321
0.84901,0.28343,-0.44593
0.98998,-0.02962,0.13804
0.67977,-0.363,-0.63729
0.99048,-0.12057,0.066374
0.87,-0.47266,-0.14031
0.898,-0.38524,-0.21258
0.99891,0.01901,0.042641
0.72211,0.67357,-0.15767
0.98588,0.08921,0.14173
0.99033,-0.083879,-0.11053
0.96959,-0.24412,-0.017318
0.97029,0.20874,0.12234
0.88828,-0.21591,-0.40538
0.95222,0.16895,-0.25441
0.96339,-0.19622,-0.18267
0.9441,-0.073916,-0.32127
0.96529,-0.092288,-0.24433
0.9477,0.11527,-0.29761
0.73404,-0.40591,-0.54445
0.82228,0.399,0.40577
0.94091,-0.30675,-0.1435
0.88405,0.10249,0.45601
0.85876,0.24985,0.44733
0.95139,-0.075329,0.29863
0.96062,0.26608,0.080084
0.8819,-0.43396,-0.18423
0.89838,0.35378,0.26029
0.86739,0.48129,-0.12649
0.92406,-0.19176,-0.33067
0.89182,-0.15594,0.42466
0.90846,-0.095974,0.4068
0.76268,-0.31654,-0.56402
0.86315,0.40367,0.30334
0.84997,0.16801,0.49932
0.96705,0.16616,-0.19291
0.91054,-0.31769,0.26455
0.68618,-0.72295,-0.080626
0.81804,-0.565,0.10759
0.93802,-0.34289,0.050444
0.81669,-0.38313,0.43153
0.9714,-0.12332,0.20293
0.83538,0.10565,-0.53942
0.99168,0.11709,-0.053509
0.98659,-0.034389,0.15957
0.96462,0.089088,0.24813
0.88658,-0.46086,-0.039754
0.85456,-0.35005,0.38365
0.85655,0.28154,-0.43251
0.94492,-0.31131,0.10106
0.98027,-0.18726,-0.063245
0.94293,0.20599,-0.26161
0.90982,0.41359,0.034086
0.95486,0.0074586,0.29696
0.92097,-0.38943,-0.012972
0.8783,0.47733,-0.027326
0.88178,0.07877,0.46503
0.97885,-0.12209,-0.16414
0.84206,0.53938,-0.0028493
0.99809,-0.031531,-0.053189
0.76986,-0.055179,0.63582
0.9569,0.26882,0.10994
0.80044,-0.59019,-0.10476
0.91643,0.36275,0.16904
0.97181,0.20375,-0.11859
0.75298,0.14735,0.64134
0.88449,0.063872,0.46217
0.70584,-0.55563,0.43939
0.99131,-0.12158,0.050212
0.91522,0.070701,0.39671
0.47227,-0.28067,-0.83557
0.90666,0.12628,-0.40251
0.96078,0.26585,-0.078933
0.92189,0.014139,0.38719
0.99028,0.13798,-0.017755
0.87587,-0.37868,0.2991
0.95641,0.2005,0.21232
0.94514,0.046465,0.32335
0.65601,0.1578,0.73807
0.62831,-0.53764,0.56229
0.93373,0.074625,-0.35011
0.85787,-0.24982,-0.44906
0.91531,0.31919,-0.24561
0.94796,-0.13566,-0.28804
0.70441,-0.69221,0.15704
0.91526,-0.38731,-0.11084
0.88293,-0.46251,0.08075
0.90214,-0.41864,0.10434
0.98887,-0.1424,-0.043083
0.72016,-0.27019,0.63904
0.98642,0.14237,-0.081873
0.90013,-0.24584,-0.35961
0.97187,-0.16805,0.165
0.9375,-0.037978,0.3459
0.95993,0.27573,-0.050093
0.95092,-0.29709,0.086548
0.82186,0.44677,0.35348
0.90957,-0.41548,-0.0074304
0.56698,-0.046359,0.82243
0.87898,-0.40989,-0.24367
0.97867,0.17742,0.10356
0.9404,-0.12976,-0.31435
0.78433,-0.5577,0.27166
0.72863,0.68361,0.04207
0.71252,0.44265,-0.5444
0.94065,-0.15244,0.3032
0.7194,0.097311,-0.68775
0.97414,-0.20184,0.10159
0.96723,-0.25019,-0.04334
0.74183,0.61986,-0.25587
0.93977,-0.22335,0.25875
0.87063,0.47929,-0.11087
0.68791,0.5925,0.41919
0.86808,-0.49538,0.032259
0.88015,0.1139,-0.46083
0.75011,0.55327,0.36225
0.90247,-0.30391,-0.30526
0.93202,0.29652,-0.20835
0.97769,-0.01068,0.20977
0.8431,-0.23714,0.48265
0.76614,-0.54695,-0.33745
0.87961,0.47545,0.015421
0.9711,-0.070846,0.22792
0.96497,-0.24891,0.082969
0.99506,-0.01106,0.098628
0.94684,0.20872,-0.24481
0.95256,-0.29076,0.089897
0.94311,0.31548,-0.10497
0.9212,-0.35833,0.15162
0.99828,-0.058334,-0.0049911
0.95304,-0.23049,-0.19643
0.95519,0.18873,-0.22803
0.68178,0.62977,0.37224
0.47374,0.87459,-0.10323
0.39398,-0.63219,-0.66716
0.82336,0.093002,0.55985
0.99233,-0.10148,-0.070606
0.73059,-0.067263,0.6795
0.75731,-0.56309,-0.33079
0.91186,0.31628,0.26167
0.96958,0.2213,-0.10457
0.9991,0.018652,0.038082
0.92455,0.3784,-0.044874
0.72235,0.65066,-0.23421
0.99058,0.09659,0.097102
0.97619,0.21651,-0.013251
0.90556,0.41874,-0.067986
0.97897,0.11132,-0.17096
0.8877,-0.15873,-0.43219
0.83453,-0.51273,0.20167
0.99744,-0.030861,-0.064526
0.95677,-0.10557,-0.271
0.91952,0.22265,0.32389
0.9287,-0.24289,0.28022
0.97001,-0.21804,-0.10745
0.72762,-0.036062,0.68503
0.92807,-0.038759,-0.37037
0.92162,0.19795,0.33381
0.77342,-0.26395,0.57632
0.93991,0.21084,-0.26853
0.90893,-0.27967,0.30923
0.96554,-0.15101,-0.21195
0.85254,0.47996,0.20691
0.99886,0.012822,0.045998
0.77917,-0.0052444,-0.62679
0.79078,0.4701,0.392
0.97787,-0.043392,-0.20466
0.9605,0.21309,-0.179
0.85486,-0.48945,0.17221
0.92394,0.10162,-0.3688
0.99048,0.0092813,0.13734
0.67208,-0.60182,-0.43141
0.79821,0.00084645,-0.60237
0.96307,-0.14298,-0.22816
0.66741,-0.59702,-0.44512
0.91389,0.33972,0.22227
0.78866,0.31571,-0.52759
0.90783,-0.41697,0.044539
0.98671,0.16161,0.01673
0.96784,0.16979,-0.1856
0.93422,0.26419,0.23966
0.97382,-0.22565,-0.027311
0.98477,0.023098,0.17234
0.97512,-0.023207,-0.22045
0.96007,-0.073027,-0.27004
0.65908,-0.29457,0.69198
0.96547,0.05409,-0.25483
0.83566,0.20512,-0.50951
0.97436,-0.18415,-0.12929
0.92024,0.090364,0.38078
0.99378,0.015215,0.11029
0.99232,0.12048,-0.02801
0.94498,0.17655,-0.2754
0.98685,0.15632,0.041123
0.97277,-0.23132,0.014373
0.99508,0.036499,-0.092131
0.94894,0.29816,-0.103
0.9437,0.32927,0.031921
0.9559,0.2777,-0.095567
0.969,0.18292,0.16605
0.93863,-0.10576,-0.3283
0.98181,-0.12864,0.13968
0.91157,0.2058,-0.35592
0.82885,0.55498,-0.070722
0.95095,0.095747,-0.29417
0.89719,0.059893,0.43755
0.74249,0.15352,0.65203
0.98454,0.16299,0.064144
0.99079,-0.13515,-0.0082457
0.79608,-0.02753,0.60457
0.99484,0.09584,0.033428
0.93361,0.020275,0.35771
0.4193,-0.8497,-0.31968
0.76,-0.42063,0.49545
0.92707,-0.36736,-0.074829
0.97612,-0.17818,-0.12426
0.52333,-0.71771,0.45936
0.90753,0.01228,0.41981
0.94488,-0.10123,-0.31136
0.3701,0.28031,-0.88569
0.94211,-0.33188,-0.047824
0.89208,-0.34294,0.29426
0.97135,0.23623,0.026098
0.96373,-0.15496,-0.21729
0.95059,0.1166,0.28773
0.99432,0.016025,0.1052
0.77536,0.50557,0.37844
0.6482,0.57642,-0.49757
0.95075,0.30557,-0.052046
0.90963,-0.41531,-0.0095256
0.8212,-0.05541,-0.56794
0.8473,-0.30953,0.43159
0.93134,0.19758,0.30588
0.63054,-0.67674,-0.38005
0.94454,-0.24319,-0.22067
0.85791,-0.41845,0.29816
0.96552,0.1445,-0.21653
0.86206,0.42633,-0.27403
0.90985,0.38863,-0.14537
0.78323,0.46443,0.41335
0.95061,0.08808,0.29763
0.82406,0.52647,0.20917
0.93205,0.27284,0.23842
0.85021,0.12892,0.51041
0.66642,0.15438,-0.72942
0.77413,-0.55837,-0.29823
0.98149,-0.16383,-0.099172
0.94937,-0.30868,-0.058426
0.93217,0.30852,0.1894
0.87134,-0.37693,0.31414
0.85543,-0.45182,0.25318
0.91125,0.34812,-0.22009
0.93195,0.33766,-0.13208
0.98361,-0.025012,0.17855
0.95304,0.15126,0.26235
0.95322,-0.2621,0.15057
0.94693,-0.25665,-0.19353
0.87312,0.44992,-0.18771
0.86332,0.0031947,-0.50465
0.97733,-0.1698,-0.12647
0.85412,0.35194,-0.38291
0.99867,0.041455,0.030758
0.84307,0.17662,0.50798
0.87863,0.30088,0.37077
0.61418,0.39437,-0.68356
0.93934,-0.23535,0.2495
0.69236,0.67317,-0.25976
0.98639,-0.13029,0.10026
0.95997,0.11702,0.2545
0.98007,0.18235,-0.078762
0.94794,-0.31843,0.0018358
0.82017,0.5608,0.11324
0.90099,0.40441,-0.15709
0.93127,0.20723,-0.29964
0.97561,0.19658,-0.097648
0.90176,-0.41833,0.10877
0.99845,-0.05567,0.0016689
0.92166,0.25557,-0.29194
0.88911,-0.44409,0.11076
0.90021,0.40611,-0.15715
0.70816,-0.23579,-0.66552
0.873,0.47169,-0.12402
0.94039,-0.22373,0.25614
0.82434,-0.56372,0.051873
0.87291,-0.46773,0.13879
0.86969,-0.2779,-0.40793
0.91369,0.3803,0.14332
0.99354,-0.006752,-0.11326
0.96586,-0.21453,0.1452
0.82327,0.055284,0.56495
0.99507,-0.0055665,-0.098997
0.82486,-0.44542,0.34815
0.96272,-0.22758,0.14621
0.69999,-0.57732,-0.42037
0.98095,0.19293,0.022792
0.98164,0.18782,-0.033346
0.79743,0.10439,-0.59431
0.8578,0.076842,-0.50821
0.94512,-0.2454,0.2157
0.93487,0.20489,0.2899
0.97159,-0.23585,0.019572
0.9344,0.29734,-0.19619
0.99767,-0.068094,0.0042156
0.85977,0.39543,0.32316
0.97865,0.13788,-0.15246
0.99778,-0.043804,-0.050103
0.97107,0.18188,0.15472
0.82692,0.51574,-0.22408
0.97575,-0.14449,0.16442
0.93004,-0.23751,0.28039
0.9561,0.2612,-0.13286
0.97424,0.20358,-0.097008
0.90207,0.080635,0.42398
