0.027297,-0.017231,0.99948
-0.10413,0.028957,0.99414
-0.027474,-0.12889,0.99128
-0.2475,0.17475,0.953
-0.017434,0.26523,0.96403
-0.15054,0.024935,0.98829
-0.16525,0.043032,0.98531
-0.28104,-0.15051,0.94782
-0.42896,-0.206,0.87952
-0.1238,-0.17601,0.97657
-0.039294,-0.028371,0.99882
0.099455,0.0095604,0.995
-0.1363,-0.12783,0.98239
-0.14136,0.29549,0.94483
0.10898,-0.12661,0.98595
-0.16067,-0.11683,0.98007
0.18658,0.18195,0.96544
-0.12866,-0.18217,0.97481
-0.28551,0.16772,0.94358
-0.056885,0.2199,0.97386
-0.04824,-0.14849,0.98774
-0.212,-0.099639,0.97218
0.24756,0.25081,0.93584
-0.1383,-0.27091,0.95262
0.098894,-0.20549,0.97365
0.19846,-0.011924,0.98004
0.036063,0.13545,0.99013
0.16014,-0.082573,0.98363
0.13893,0.18522,0.97283
0.21801,0.12444,0.96798
-0.12479,0.031822,0.99167
0.016058,-0.11986,0.99266
-0.029456,-0.1773,0.98372
-0.036071,-0.021647,0.99911
0.23202,-0.1363,0.96311
0.042693,-0.21542,0.97559
0.1856,-0.083771,0.97905
0.071949,-0.1616,0.98423
-0.11556,0.21549,0.96964
0.074808,0.097296,0.99244
-0.094295,-0.12697,0.98741
-0.18725,0.0068546,0.98229
0.090904,-0.44221,0.89229
0.29583,-0.032961,0.95467
0.038885,-0.019442,0.99905
0.18095,0.081216,0.98013
-0.10475,0.11344,0.98801
0.003506,0.2874,0.9578
-0.032675,0.11502,0.99283
-0.27782,-0.00013868,0.96063
-0.20946,0.018927,0.97763
0.225,0.17037,0.95935
0.10605,0.006886,0.99434
-0.025943,-0.22416,0.97421
0.096342,-0.1397,0.9855
-0.11605,-0.0050112,0.99323
-0.021247,-0.18709,0.98211
-0.14047,0.022408,0.98983
-0.1212,0.096673,0.98791
0.030161,0.11677,0.9927
-0.013211,-0.072224,0.9973
-0.015531,-0.20085,0.9795
-0.16665,-0.049122,0.98479
-0.10611,-0.012416,0.99428
0.15601,-0.35448,0.92196
-0.0039975,-0.087573,0.99615
-0.27215,0.18003,0.94526
-0.20364,0.10372,0.97354
-0.1526,0.083652,0.98474
0.1109,-0.093942,0.98938
-0.11422,-0.16959,0.97887
0.0041952,0.076922,0.99703
-0.043143,0.0076016,0.99904
0.058808,-0.052709,0.99688
-0.12692,-0.24375,0.9615
0.29797,-0.16763,0.93974
0.14008,0.24459,0.95945
-0.060558,-0.11082,0.99199
-0.21027,0.19713,0.95756
0.041217,0.020862,0.99893
-0.10733,0.025226,0.9939
0.22188,0.078453,0.97191
-0.14845,-0.1239,0.98113
-0.026856,0.032151,0.99912
-0.23831,-0.09486,0.96654
0.057953,-0.15356,0.98644
-0.014698,0.14593,0.98919
0.10266,-0.080762,0.99143
0.1556,0.0054445,0.98781
0.19583,-0.17755,0.96443
-0.11536,0.049822,0.99207
-0.12513,0.36272,0.92346
-0.36534,0.34695,0.8638
0.56966,-0.099929,0.81578
0.287,0.2328,0.92921
0.074015,-0.23721,0.96863
0.28677,-0.1084,0.95185
0.061445,0.37542,0.92481
-0.25578,-0.073918,0.96391
0.0023905,0.12591,0.99204
-0.059493,0.21515,0.97477
0.034912,-0.32387,0.94546
0.30507,-0.11001,0.94595
0.069625,0.022761,0.99731
-0.033884,-0.067057,0.99717
-0.17234,0.10423,0.97951
0.18393,-0.13439,0.97371
-0.12269,-0.021644,0.99221
0.27949,-0.037295,0.95942
-0.088232,-0.24855,0.96459
-0.22661,-0.33461,0.9147
0.15814,-0.035022,0.9868
-0.18769,-0.17026,0.96736
0.00835,-0.096022,0.99534
0.028664,0.33778,0.94079
-0.031374,-0.22264,0.97439
0.046939,0.068391,0.99655
0.1876,-0.12168,0.97468
-0.028813,0.106,0.99395
0.047901,-0.053161,0.99744
-0.11328,-0.09037,0.98945
0.0002645,-0.055059,0.99848
0.13903,-0.19928,0.97003
-0.43083,0.35889,0.828
0.16095,-0.17861,0.97067
0.033262,0.060786,0.9976
0.032895,-0.060047,0.99765
0.10234,-0.058472,0.99303
-0.19793,0.061907,0.97826
-0.024154,-0.1884,0.9818
0.1027,-0.043598,0.99376
-0.16419,-0.088427,0.98246
0.063461,0.089597,0.99395
-0.037754,0.072337,0.99667
-0.10639,0.20033,0.97393
0.15442,-0.045245,0.98697
-0.020338,0.12437,0.99203
-0.18485,0.068184,0.9804
-0.023628,0.11046,0.9936
-0.041594,-0.08849,0.99521
0.13601,0.062469,0.98874
-0.0006711,0.13979,0.99018
-0.10981,-0.169,0.97948
0.058023,-0.077595,0.9953
-0.11192,-0.14527,0.98304
-0.11666,0.054818,0.99166
-0.081682,0.048605,0.99547
-0.033346,0.17371,0.98423
-0.062452,0.034699,0.99744
-0.026556,0.017923,0.99949
-0.22594,-0.089189,0.97005
0.078987,-0.026892,0.99651
0.16212,-0.0632,0.98474
0.034293,0.04599,0.99835
0.56603,0.20663,0.79807
-0.28996,0.064962,0.95483
-0.17586,0.07406,0.98162
-0.05466,-0.25718,0.96482
0.29982,-0.076953,0.95089
-0.10251,0.0069569,0.99471
0.1359,-0.20256,0.96979
0.18615,-0.17734,0.96638
0.015721,0.031782,0.99937
0.12381,0.15845,0.97957
-0.21557,0.14507,0.96565
0.092687,0.061154,0.99382
-0.1072,0.36351,0.9254
0.081502,0.014669,0.99657
0.18885,0.081597,0.97861
-0.34146,-0.039577,0.93906
-0.097492,0.15482,0.98312
-0.15989,-0.18228,0.97016
0.061355,-0.10184,0.99291
-0.0022996,0.018723,0.99982
-0.10912,-0.04009,0.99322
0.16057,-0.066557,0.98478
0.26627,-0.3606,0.89391
0.18695,-0.051244,0.98103
0.26358,-0.37923,0.88697
-0.11376,-0.030466,0.99304
-0.29972,-0.16733,0.93924
0.28351,0.023851,0.95867
-0.30365,0.34093,0.8897
-0.22136,-0.049148,0.97395
0.22894,0.19152,0.95441
-0.17265,-0.0064783,0.98496
-0.10449,-0.24158,0.96474
0.26148,-0.23611,0.93589
0.020696,0.12369,0.99211
-0.21563,-0.1781,0.9601
-0.0052067,0.16761,0.98584
0.031145,0.11076,0.99336
-0.024591,0.19503,0.98049
-0.41362,0.19102,0.89019
0.034875,-0.092262,0.99512
-0.14479,-0.071877,0.98685
-0.11635,-0.1801,0.97674
0.10106,-0.075431,0.99202
-0.20019,-0.0057543,0.97974
-0.1155,-0.17474,0.97782
0.048912,0.15595,0.98655
-0.15684,-0.032324,0.98709
0.1682,-0.11736,0.97874
0.059022,-0.071645,0.99568
-0.17932,-0.16619,0.96965
0.21947,-0.074502,0.97277
-0.30888,-0.029678,0.95064
0.2044,0.04503,0.97785
0.22003,0.069297,0.97303
-0.059971,-0.037918,0.99748
0.019073,0.0042573,0.99981
0.07134,0.23783,0.96868
-0.046817,-0.12102,0.99154
-0.32809,0.49766,0.80293
0.14413,-0.12668,0.98142
0.18713,0.094532,0.97778
0.51985,0.0138,0.85415
-0.058253,-0.073855,0.99557
0.12022,0.063963,0.99068
0.37197,0.45721,0.80784
-0.11107,-0.32803,0.93812
0.062427,0.08773,0.99419
-0.11391,-0.020346,0.99328
-0.22282,0.14021,0.96472
0.10246,-0.017589,0.99458
-0.022105,-0.13546,0.99054
-0.3071,-0.18637,0.93325
0.0059324,-0.17786,0.98404
-0.079259,-0.033885,0.99628
0.016709,-0.079002,0.99673
-0.049972,0.12488,0.99091
-0.0089845,0.23228,0.97261
0.11483,0.042493,0.99248
0.12953,-0.03442,0.99098
0.067411,-0.072982,0.99505
-0.064215,-0.13512,0.98875
0.20803,0.051587,0.97676
-0.31989,-0.34337,0.88304
-0.095901,-0.19202,0.97669
-0.36788,0.074327,0.9269
-0.2424,0.073678,0.96737
0.12138,0.12863,0.98424
0.043417,-0.14156,0.98898
-0.23262,-0.058702,0.97079
-0.019263,0.16546,0.98603
-0.078849,-0.074824,0.99407
0.056385,0.14,0.98854
-0.066004,-0.22308,0.97256
0.070552,-0.068305,0.99517
-0.24192,0.22663,0.94346
-0.27556,0.16291,0.94738
-0.097965,0.49207,0.86503
-0.080227,-0.19849,0.97681
0.2279,-0.48046,0.84689
-0.11529,0.025813,0.993
0.31097,-0.0058335,0.9504
0.031705,0.2311,0.97241
-0.14085,0.0051525,0.99002
0.14894,-0.032226,0.98832
0.18359,-0.020199,0.98279
-0.019406,0.33623,0.94158
0.12276,-0.31596,0.9408
-0.21304,0.27022,0.93893
-0.0090267,-0.11079,0.9938
-0.34203,0.14765,0.92802
-0.12535,-0.035779,0.99147
0.019393,-0.043071,0.99888
-0.092954,0.02303,0.9954
0.13101,-0.13437,0.98223
-0.17884,-0.25953,0.94903
-0.046654,-0.025848,0.99858
-0.226,0.072892,0.9714
0.072473,-0.16389,0.98381
0.17821,-0.071672,0.98138
-0.11825,0.1674,0.97877
-0.044743,-0.17024,0.98439
0.13333,-0.033092,0.99052
-0.095858,-0.17473,0.97994
0.061014,0.15578,0.98591
-0.24442,-0.26329,0.93324
-0.059273,0.13224,0.98944
0.051473,0.015804,0.99855
-0.0061488,-0.13042,0.99144
0.20871,0.16087,0.96466
0.16339,0.23755,0.95754
-0.0086936,-0.18352,0.98298
0.0058697,-0.12616,0.99199
0.13335,0.032401,0.99054
0.14818,-0.088175,0.98502
0.010775,-0.097447,0.99518
-0.10592,-0.14726,0.98341
0.089093,0.14333,0.98566
-0.054363,-0.10181,0.99332
0.011372,0.11797,0.99295
-0.13904,0.20559,0.96871
0.032776,0.18075,0.98298
-0.21913,0.31571,0.92321
0.071687,-0.054783,0.99592
-0.081408,-0.013923,0.99658
-0.16142,0.11222,0.98048
0.12662,-0.12876,0.98356
0.1176,-0.07134,0.9905
-0.04668,0.19169,0.98034
-0.062369,-0.17965,0.98175
0.12835,0.26656,0.95523
-0.17749,0.44341,0.87857
-0.11597,0.1322,0.98442
0.020748,0.25433,0.96689
0.18682,-0.004181,0.98238
-0.058457,-0.087683,0.99443
-0.22735,-0.14507,0.96295
0.34653,0.20506,0.91535
0.030747,0.095793,0.99493
0.024228,0.095716,0.99511
-0.12599,0.096159,0.98736
0.10066,-0.13344,0.98593
-0.24021,0.074772,0.96784
0.33143,-0.097564,0.93842
-0.07091,0.040634,0.99665
0.015441,0.3795,0.92506
-0.077403,-0.20335,0.97604
-0.23519,-0.069558,0.96946
0.11809,0.21535,0.96937
0.14799,-0.013731,0.98889
-0.11417,-0.17495,0.97794
-0.040273,0.28193,0.95859
-0.13469,-0.092402,0.98657
0.14709,0.18159,0.97231
0.18692,0.10604,0.97664
-0.043424,-0.15152,0.9875
-0.013765,0.066787,0.99767
0.27747,-0.036832,0.96003
0.40701,0.027901,0.913
-0.11518,0.10272,0.98802
-0.12951,-0.082554,0.98814
-0.089493,-0.026144,0.99564
0.12679,-0.25105,0.95963
0.012249,-0.19618,0.98049
-0.08225,0.30119,0.95001
-0.44166,0.2474,0.8624
-0.17415,0.038256,0.98398
0.040811,0.43233,0.90079
0.0049924,0.16487,0.9863
-0.060454,-0.12213,0.99067
-0.059483,0.14251,0.988
0.033839,-0.19153,0.9809
-0.23177,0.28146,0.93116
-0.16949,0.099801,0.98047
-0.30467,0.11766,0.94516
0.15629,0.15367,0.97568
-0.30425,-0.013506,0.9525
-0.067463,0.034759,0.99712
-0.096236,-0.033121,0.99481
-0.18579,0.035425,0.98195
-0.096046,0.049067,0.99417
0.10779,-0.054343,0.99269
-0.067361,0.15169,0.98613
-0.16596,-0.17435,0.9706
0.087029,0.17754,0.98026
0.1245,0.18518,0.97479
0.016634,0.17011,0.98528
-0.1167,-0.095612,0.98855
-0.078584,-0.11676,0.99005
0.12647,-0.0015375,0.99197
-0.16511,0.15262,0.97439
-0.12628,0.16269,0.97856
-0.03377,0.061859,0.99751
-0.056724,-0.22101,0.97362
-0.28907,0.081709,0.95381
0.1779,0.034751,0.98343
-0.05497,0.032308,0.99797
-0.018096,-0.067185,0.99758
-0.063724,0.029254,0.99754
0.03442,-0.030951,0.99893
-0.06162,-0.28751,0.95579
-0.29429,-0.15448,0.94315
0.19827,-0.048765,0.97893
0.041507,0.19802,0.97932
-0.30358,0.13002,0.94389
0.2611,-0.1315,0.95631
0.26994,-0.042723,0.96193
-0.21189,-0.018466,0.97712
0.33176,0.022707,0.94309
0.12675,-0.24599,0.96095
0.043655,-0.011974,0.99897
0.082194,0.22626,0.97059
0.055472,-0.19035,0.98015
0.054662,0.21504,0.97508
-0.12452,0.032647,0.99168
-0.064641,-0.47944,0.87519
-0.2101,0.019927,0.97748
0.086049,-0.11674,0.98943
0.16456,-0.088387,0.9824
0.021184,-0.020725,0.99956
0.30235,-0.24129,0.92215
0.12902,-0.12724,0.98344
0.023014,-0.099401,0.99478
0.017926,0.17514,0.98438
-0.020896,-0.079186,0.99664
-0.039418,0.37603,0.92577
-0.27874,0.22124,0.93454
0.13042,0.079266,0.98829
0.14099,-0.00080313,0.99001
-0.16195,-0.15941,0.97384
-0.087358,-0.15871,0.98345
-0.30281,0.10172,0.94761
0.10499,-0.11852,0.98739
0.089417,-0.091869,0.99175
-0.17765,-0.018832,0.98391
0.18426,0.10075,0.9777
0.072881,0.4067,0.91065
0.0091502,0.1763,0.98429
0.009762,-0.018868,0.99977
0.066368,0.013206,0.99771
0.019463,0.080116,0.9966
0.024383,0.11616,0.99293
0.14622,-0.034417,0.98865
-0.31309,-0.071054,0.94706
-0.20701,0.19117,0.95948
-0.17319,-0.1745,0.96931
0.094655,-0.082682,0.99207
0.29173,-0.26874,0.91797
-0.039983,-0.0049299,0.99919
-0.14369,0.10206,0.98435
-0.020052,0.11019,0.99371
0.30013,-0.17369,0.93795
0.17605,-0.080019,0.98112
-0.075278,0.017854,0.997
-0.19781,-0.23555,0.95152
-0.086789,-0.10478,0.9907
0.026846,0.26973,0.96256
-0.10237,0.1129,0.98832
0.098998,-0.03146,0.99459
0.15491,-0.41544,0.89633
0.22622,-0.017436,0.97392
0.12957,-0.010464,0.99152
-0.12668,0.093511,0.98753
-0.27045,-0.01776,0.96257
-0.18283,-0.19682,0.96324
0.25831,-0.053251,0.96459
0.040836,-0.048945,0.99797
0.12967,0.02784,0.99117
-0.089814,0.12375,0.98824
0.054071,-0.14386,0.98812
-0.15881,0.069812,0.98484
-0.23493,0.10088,0.96676
0.095547,-0.23685,0.96684
-0.19268,-0.074481,0.97843
-0.17393,0.28333,0.94312
-0.076183,0.0198,0.9969
-0.16831,0.072449,0.98307
-0.072628,-0.12558,0.98942
-0.035624,-0.0015967,0.99936
-0.057231,-0.084733,0.99476
0.095087,-0.082454,0.99205
0.13298,0.14723,0.98012
-0.043469,-0.069772,0.99662
0.01055,0.12585,0.99199
-0.013071,-0.4823,0.87591
-0.056157,-0.013779,0.99833
0.029931,0.21451,0.97626
-0.18815,0.089382,0.97806
0.21921,0.14428,0.96495
-0.12869,-0.26158,0.95656
-0.062309,-0.033403,0.9975
-0.19079,-0.12111,0.97413
-0.055065,0.1612,0.98539
0.15879,-0.10269,0.98196
-0.030346,0.30796,0.95091
0.13567,0.069555,0.98831
-0.047854,-0.06893,0.99647
-0.14872,-0.0015213,0.98888
-0.3225,-0.063682,0.94442
-0.13406,-0.10397,0.9855
-0.25207,-0.37475,0.8922
-0.028893,-0.25544,0.96639
-0.15039,-0.18214,0.9717
0.073248,0.29362,0.95311
0.033118,-0.098387,0.9946
-0.21134,-0.30693,0.92797
-0.16782,-0.1786,0.9695
0.18504,-0.17515,0.967
0.16259,0.031495,0.98619
-0.17439,-0.19415,0.96535
0.12603,-0.013774,0.99193
0.16862,0.075823,0.98276
0.13841,0.069916,0.9879
0.1523,0.21614,0.96441
0.28527,0.15475,0.94587
-0.11007,-0.10804,0.98803
-0.13191,0.12072,0.98388
-0.12616,0.13459,0.98284
0.18104,-0.19459,0.96403
-0.49003,0.12047,0.86334
-0.13415,0.03515,0.99034
0.20134,0.026536,0.97916
-0.049184,0.16347,0.98532
-0.17595,-0.19882,0.96411
-0.088465,-0.051306,0.99476
0.11815,-0.21458,0.96954
-0.0039583,0.0035787,0.99999
-0.025509,-0.070067,0.99722
0.0016985,0.043057,0.99907
0.039576,0.10888,0.99327
0.25329,0.26686,0.92985
-0.10275,0.014814,0.9946
-0.17698,0.11297,0.97771
0.070753,-0.039911,0.9967
0.03514,0.28042,0.95924
0.15945,0.10193,0.98193
0.07488,0.002431,0.99719
0.021644,-0.47025,0.88227
0.18999,0.31336,0.93043
-0.23513,-0.097235,0.96709
0.0029783,0.10547,0.99442
-0.17302,0.13902,0.97506
0.18084,-0.1778,0.96731
-0.043749,0.0637,0.99701
-0.16995,0.084644,0.98181
-0.013476,-0.24234,0.9701
0.036165,-0.26688,0.96305
-0.043411,-0.044453,0.99807
-0.10682,0.11675,0.9874
-0.12838,0.14406,0.98121
0.064572,-0.16113,0.98482
-0.18431,0.013892,0.98277
-0.010344,-0.24297,0.96998
-0.17469,0.29551,0.93923
-0.24019,0.097891,0.96578
0.12826,0.14635,0.98088
-0.0367,-0.15581,0.98711
0.043597,0.17381,0.98381
0.012205,0.024134,0.99963
-0.2028,-0.041682,0.97833
-0.087654,-0.22162,0.97119
-0.049462,0.14218,0.9886
-0.12802,0.053262,0.99034
-0.13197,-0.2008,0.9707
0.093288,0.27192,0.95779
0.11578,-0.016595,0.99314
-0.16744,0.19666,0.96607
-0.060202,-0.020372,0.99798
-0.026909,-0.10503,0.99411
0.10461,-0.040595,0.99368
0.064849,0.19567,0.97852
0.056896,0.02882,0.99796
0.12305,-0.23466,0.96426
-0.42777,0.27134,0.8622
-0.052171,0.083683,0.99513
0.13653,0.10557,0.98499
0.20306,0.049215,0.97793
0.021267,0.039877,0.99898
-0.17867,0.019694,0.98371
-0.28638,-0.24642,0.92588
0.15855,0.037249,0.98665
-0.22769,-0.19914,0.95315
0.021784,0.26147,0.96497
0.058808,0.13916,0.98852
0.033091,-0.02043,0.99924
0.25506,-0.061894,0.96494
-0.014695,0.1218,0.99245
-0.17477,-0.28415,0.94272
0.032969,-0.072913,0.99679
0.034775,0.058977,0.99765
-0.2468,-0.1868,0.95089
0.090599,-0.1023,0.99062
-0.13017,-0.17629,0.97569
-0.0047657,0.10344,0.99462
0.21263,-0.057186,0.97546
0.32666,-0.047104,0.94397
0.27252,0.14782,0.95073
-0.01034,-0.087848,0.99608
0.14168,-0.22244,0.9646
0.14659,0.078181,0.9861
0.31626,-0.046051,0.94755
0.096684,0.1166,0.98846
0.17375,-0.13321,0.97574
-0.041687,0.16348,0.98567
0.057228,-0.0064794,0.99834
-0.031583,-0.037962,0.99878
-0.07578,0.10211,0.99188
0.077835,-0.046868,0.99586
0.11499,-0.080471,0.9901
-0.091907,0.29874,0.9499
-0.0030788,-0.087264,0.99618
-0.33385,0.050267,0.94129
0.36097,-0.105,0.92665
-0.039212,0.13779,0.98968
-0.31784,0.061945,0.94612
0.14489,0.15167,0.97775
0.15536,0.020872,0.98764
-0.36948,-0.24878,0.89532
-0.16328,-0.088536,0.9826
0.028736,0.0049693,0.99957
-0.15581,0.21342,0.96446
-0.28789,0.04216,0.95674
0.056487,-0.13818,0.98879
0.23708,0.019754,0.97129
0.25005,0.16298,0.95442
-0.30889,0.14291,0.9403
0.17331,0.13143,0.97606
0.067194,-0.014592,0.99763
0.027417,0.17053,0.98497
-0.22435,-0.16433,0.96055
0.1038,0.054972,0.99308
-0.19332,0.099056,0.97612
-0.0067225,-0.066032,0.99779
-0.36315,-0.02283,0.93145
-0.045833,-0.43653,0.89852
0.16212,0.22195,0.96149
-0.33306,0.037301,0.94217
-0.18117,0.015356,0.98333
0.28785,-0.087189,0.9537
-0.074162,0.096486,0.99257
-0.021049,0.2013,0.9793
0.10639,-0.049076,0.99311
-0.13637,0.022279,0.99041
-0.070712,-0.044002,0.99653
0.11354,-0.093759,0.9891
0.13928,0.02406,0.98996
0.075307,-0.11015,0.99106
-0.17139,0.26856,0.94789
0.12089,0.23225,0.96511
0.19502,0.079544,0.97757
-0.24254,-0.084786,0.96643
0.24927,0.31705,0.91506
0.044591,0.017914,0.99884
0.15578,0.012781,0.98771
-0.013714,-0.047598,0.99877
-0.20064,0.091358,0.9754
0.017516,-0.10741,0.99406
-0.18471,0.34155,0.92153
0.031165,-0.005797,0.9995
-0.12118,-0.2273,0.96626
-0.17845,-0.23123,0.95639
0.16202,0.11889,0.9796
0.072421,-0.046577,0.99629
-0.078891,0.012214,0.99681
0.12012,-0.049824,0.99151
0.0613,0.23548,0.96994
-0.14169,0.09102,0.98572
-0.042212,0.1746,0.98373
-0.027086,-0.0024615,0.99963
0.078493,0.093423,0.99253
0.18122,-0.012265,0.98337
0.22408,-0.17572,0.9586
0.10708,0.059196,0.99249
-0.25749,0.15487,0.95379
-0.08843,0.38807,0.91738
-0.24707,0.044167,0.96799
-0.11552,0.0064422,0.99328
-0.049966,0.094619,0.99426
-0.066441,-0.069553,0.99536
-0.33185,-0.046624,0.94218
-0.021329,0.094001,0.99534
0.14815,-0.014572,0.98886
0.40131,-0.1928,0.89542
0.045524,0.14573,0.98828
-0.011449,-0.26946,0.96294
-0.18151,-0.20335,0.96213
0.25278,-0.3403,0.9057
-0.17208,0.036365,0.98441
0.002265,-0.057539,0.99834
0.0080235,-0.047174,0.99885
-0.15969,-0.04381,0.98619
0.097822,0.28364,0.95393
0.20977,0.34566,0.91461
-0.19283,0.052615,0.97982
0.273,-0.22547,0.93522
-0.27029,-0.071189,0.96014
-0.020253,-0.042399,0.9989
0.0046222,-0.17815,0.98399
0.34331,-0.10149,0.93372
-0.024682,-0.059303,0.99793
0.13968,-0.18652,0.97247
0.064769,-0.24302,0.96786
-0.17458,0.229,0.95764
-0.098199,0.17232,0.98013
-0.021688,-0.027269,0.99939
0.090106,-0.022559,0.99568
0.034781,0.096176,0.99476
0.019497,0.1149,0.99319
-0.18378,0.025738,0.98263
0.085165,0.21578,0.97272
-0.21727,0.1231,0.96832
0.1922,0.12405,0.97348
-0.13047,-0.077443,0.98842
-0.23179,-0.021083,0.97254
-0.066827,0.16888,0.98337
0.20538,-0.53812,0.81747
-0.13148,-0.29003,0.94794
0.02223,-0.036842,0.99907
-0.091714,0.21592,0.97209
-0.15807,-0.072555,0.98476
-0.006641,-0.10458,0.99449
-0.0084083,0.045198,0.99894
-0.060545,0.1433,0.98783
-0.19811,-0.39761,0.89591
-0.15274,-0.09564,0.98363
-0.17228,0.0073817,0.98502
0.023708,-0.16618,0.98581
-0.18765,-0.08848,0.97824
-0.1561,-0.39428,0.90563
0.22736,-0.18766,0.95556
-0.089642,-0.086363,0.99222
-0.23479,0.11802,0.96485
-0.032995,0.097487,0.99469
0.35036,-0.00665,0.93659
-0.020638,0.16719,0.98571
-0.23633,0.1705,0.9566
0.22059,0.13548,0.96591
-0.12132,-0.068013,0.99028
-0.0094138,-0.004323,0.99995
-0.0056374,-0.40303,0.91517
0.1582,0.01371,0.98731
-0.12816,-0.12599,0.98372
-0.16058,0.062445,0.98505
0.22844,0.052436,0.97214
-0.096483,0.055696,0.99378
-0.040875,0.12959,0.99073
0.038479,0.2401,0.96999
0.074028,0.05868,0.99553
-0.13641,0.012023,0.99058
-0.40862,-0.26795,0.87249
-0.099869,0.035434,0.99437
-0.21186,-0.53596,0.81723
0.076308,-0.16406,0.98349
0.22681,0.34692,0.91006
0.17804,-0.1037,0.97854
-0.065333,0.026281,0.99752
-0.17444,-0.015938,0.98454
0.10345,0.10041,0.98955
-0.024604,-0.11444,0.99313
0.20872,0.0091838,0.97793
0.003491,0.095509,0.99542
0.079854,0.011575,0.99674
0.18582,-0.27105,0.94446
-0.11572,-0.089628,0.98923
0.14457,-0.079828,0.98627
-0.081276,-0.073157,0.994
0.054905,0.18222,0.98172
0.042492,0.08502,0.99547
-0.11402,0.14076,0.98346
-0.092092,0.11284,0.98934
0.018484,0.13398,0.99081
-0.27784,-0.028922,0.96019
-0.19734,-0.24036,0.95041
-0.060766,-0.15361,0.98626
0.13257,0.084856,0.98753
0.095496,0.24407,0.96504
-0.056754,0.17458,0.98301
-0.25032,-0.21009,0.94509
0.037648,0.13313,0.99038
-0.26764,-0.014351,0.96341
-0.3924,0.11794,0.9122
0.00085516,0.091476,0.99581
0.053687,-0.15458,0.98652
0.031694,-0.1449,0.98894
-0.5567,-0.039609,0.82977
0.1965,0.1118,0.97411
-0.26851,-0.20375,0.94148
-0.11658,-0.11952,0.98596
0.14766,-0.11737,0.98205
0.16286,0.15433,0.9745
-0.15073,-0.12128,0.98111
0.16154,-0.09107,0.98265
0.037314,-0.12469,0.99149
-0.23923,0.081453,0.96754
0.092307,-0.25769,0.96181
-0.2214,0.223,0.94934
0.021662,0.25569,0.96652
-0.12868,0.33415,0.93369
0.15128,0.14446,0.97788
-0.056218,0.095933,0.9938
0.25697,0.054803,0.96486
0.0056529,-0.27161,0.96239
0.17844,0.16512,0.97
-0.022452,0.039128,0.99898
0.20817,0.065946,0.97587
-0.058867,-0.18287,0.98137
-0.057198,-0.074822,0.99556
0.11148,-0.071686,0.99118
0.084513,0.20081,0.97598
0.11234,0.38691,0.91525
0.0037033,-0.025953,0.99966
-0.03859,0.0097941,0.99921
-0.098826,0.096133,0.99045
0.20329,0.17026,0.9642
0.29021,-0.015639,0.95683
-0.048012,0.059545,0.99707
-0.079915,-0.17019,0.98217
0.31892,-0.2595,0.91157
0.058558,0.19848,0.97835
0.11702,0.059397,0.99135
0.023183,0.21211,0.97697
-0.18579,-0.12096,0.97512
0.08964,-0.022262,0.99573
0.025216,0.16594,0.98581
-0.1011,-0.14366,0.98445
0.12987,0.21471,0.96801
-0.071972,0.031731,0.9969
-0.061391,0.11923,0.99097
0.061066,0.2376,0.96944
-0.17627,-0.35919,0.91647
0.069571,-0.35638,0.93175
0.052212,-0.024813,0.99833
-0.25873,-0.15032,0.95418
0.037522,0.28508,0.95777
-0.018258,-0.009192,0.99979
0.016271,-0.13092,0.99126
0.15606,0.033438,0.98718
-0.11086,-0.0038614,0.99383
0.25555,0.30968,0.91586
0.11677,-0.019672,0.99296
0.0090422,-0.2083,0.97802
0.12846,0.12025,0.9844
-0.075953,-0.28241,0.95628
-0.038645,0.26212,0.96426
0.14408,-0.1723,0.97445
-0.2899,0.12866,0.94837
-0.1332,0.26012,0.95635
0.12753,0.03556,0.9912
-0.11443,0.15979,0.9805
0.13319,0.13517,0.98183
-0.054414,0.069268,0.99611
0.15363,-0.19271,0.96915
-0.11686,0.35747,0.92658
-0.039018,-0.1817,0.98258
-0.0317,-0.017749,0.99934
-0.065661,-0.094715,0.99334
0.20304,-0.11025,0.97294
0.14055,-0.35101,0.92576
0.16771,0.0046597,0.98582
0.081149,-0.21396,0.97347
0.18628,0.20779,0.96027
0.018097,0.12074,0.99252
0.1419,0.15193,0.97815
0.041206,0.17383,0.98391
-0.14674,-0.14514,0.97847
0.03883,0.2694,0.96225
0.018603,-0.25125,0.96774
0.205,0.10052,0.97359
0.0051526,0.16635,0.98605
0.2215,-0.13716,0.96547
0.27827,0.18117,0.94326
0.089184,0.020574,0.9958
-0.13339,0.099822,0.98602
0.082283,0.051352,0.99529
0.12427,0.065468,0.99009
-0.2994,-0.15875,0.94083
0.50205,-0.1887,0.844
-0.1128,-0.16826,0.97927
0.12991,-0.084147,0.98795
0.20132,-0.098618,0.97455
-0.11356,0.21504,0.96998
0.43761,-0.064099,0.89688
0.27606,-0.012534,0.96106
-0.19807,0.25688,0.94593
-0.07669,-0.13697,0.9876
-0.099314,0.31362,0.94434
0.24143,-0.23623,0.94123
0.06718,-0.15881,0.98502
0.21733,0.094072,0.97156
-0.19639,0.043921,0.97954
-0.0011525,-0.18601,0.98255
-0.096464,-0.17564,0.97972
0.30124,0.25322,0.91931
-0.15407,0.28256,0.9468
-0.00088154,-0.36671,0.93034
0.23564,-0.076358,0.96883
0.022525,-0.25598,0.96642
0.13577,-0.23472,0.96253
-0.25686,-0.10115,0.96114
-0.044804,-0.061803,0.99708
-0.44089,0.027911,0.89713
0.22125,-0.14406,0.96452
-0.11622,-0.16401,0.97959
-0.1792,-0.055794,0.98223
0.093635,0.34973,0.93216
-0.20239,0.068971,0.97687
0.11832,0.2506,0.96083
0.39144,0.021506,0.91995
0.24098,-0.038033,0.96978
0.05875,-0.037179,0.99758
-0.21313,0.2411,0.94681
0.014463,-0.14653,0.9891
0.24994,-0.044987,0.96722
0.02251,-0.03945,0.99897
0.09631,0.078968,0.99221
-0.15938,0.054282,0.98572
-0.34531,-0.3478,0.87166
0.13338,-0.095678,0.98644
-0.055453,0.06615,0.99627
-0.13781,0.07115,0.9879
0.40003,0.2817,0.87213
0.15447,0.0025451,0.98799
-0.21445,0.25227,0.9436
0.13204,0.236,0.96274
-0.26186,0.18224,0.94774
-0.4424,0.13143,0.88714
-0.048096,-0.074844,0.99603
0.084824,-0.27049,0.95898
-0.088493,-0.1434,0.9857
0.028415,-0.066726,0.99737
0.056591,0.025377,0.99807
0.0094604,-0.21728,0.97606
-0.0076879,-0.44015,0.89789
-0.063348,0.016242,0.99786
-0.082374,0.059968,0.9948
-0.058044,-0.029328,0.99788
0.054091,0.16404,0.98497
-0.19014,-0.034074,0.98117
0.064936,-0.22438,0.97234
0.080177,0.050413,0.9955
-0.00024206,-0.071697,0.99743
0.10569,-0.029783,0.99395
0.20827,0.1844,0.96053
0.0016239,-0.068079,0.99768
-0.23211,0.13136,0.96378
0.17294,-0.16674,0.97072
-0.33479,0.14923,0.9304
-0.092327,-0.029219,0.9953
0.056846,0.30842,0.94955
0.20337,0.21929,0.95423
0.24439,-0.053711,0.96819
-0.13285,0.19166,0.97243
-0.0075896,-0.36424,0.93127
-0.18157,-0.1076,0.97747
0.00066177,-0.080086,0.99679
0.20829,0.10354,0.97257
0.01297,-0.17572,0.98436
-0.059205,0.081846,0.99488
-0.1793,0.099821,0.97872
-0.018254,-0.090536,0.99573
0.33614,0.11545,0.93471
-0.28379,0.0067901,0.95886
0.051959,0.21503,0.97522
0.064494,0.12832,0.98963
0.050092,0.15238,0.98705
0.1827,0.2477,0.95145
0.0071542,0.084541,0.99639
-0.12949,0.19811,0.97159
0.11342,-0.43144,0.89498
-0.0025552,0.31307,0.94973
0.021787,-0.074366,0.99699
-0.036185,-0.13408,0.99031
-0.078197,0.12908,0.98855
-0.091197,0.10562,0.99022
0.28685,-0.1026,0.95247
0.12815,0.11581,0.98497
0.065852,0.0071928,0.9978
0.05881,0.049335,0.99705
0.01281,-0.17996,0.98359
-0.074937,-0.0021709,0.99719
-0.090841,-0.21272,0.97288
-0.14793,-0.15534,0.97672
0.13629,0.34439,0.92888
-0.13837,-0.18396,0.97315
-0.13729,0.034208,0.98994
0.0018643,0.011656,0.99993
0.19746,-0.41756,0.88693
-0.0014769,0.29939,0.95413
-0.051069,0.16641,0.98473
-0.012759,0.10116,0.99479
0.2442,-0.14348,0.95905
-0.13434,-0.27457,0.95214
-0.045288,0.22017,0.97441
0.063329,-0.03585,0.99735
0.091204,0.18853,0.97782
0.00053629,-0.11298,0.9936
0.021533,-0.053845,0.99832
0.10512,-0.29802,0.94876
0.20891,0.14908,0.9665
-0.075772,0.10442,0.99164
0.14259,0.079536,0.98658
0.21016,-0.021522,0.97743
-0.12229,-0.11691,0.98559
0.089947,0.044609,0.99495
0.14779,-0.13588,0.97964
0.17902,0.1125,0.97739
0.020817,0.13537,0.99058
-0.12673,-0.10647,0.98621
0.066078,0.010671,0.99776
-0.070159,-0.012086,0.99746
0.015368,-0.2216,0.97502
0.042676,-0.048708,0.9979
-0.023237,0.031796,0.99922
-0.095588,0.10309,0.99007
-0.12683,0.16718,0.97773
0.09634,0.10502,0.98979
0.19409,-0.0961,0.97627
0.20113,-0.18114,0.96267
0.077727,-0.080757,0.9937
-0.085135,0.06569,0.9942
-0.038198,-0.1607,0.98626
0.11793,-0.0018751,0.99302
-0.0098685,-0.10657,0.99426
0.084483,0.095935,0.9918
0.36228,-0.024411,0.93175
0.10155,0.05861,0.9931
-0.015094,0.23301,0.97236
-0.0055813,-0.14505,0.98941
0.22198,-0.035027,0.97442
-0.046222,-0.057458,0.99728
-0.11331,0.092861,0.98921
0.097603,0.11719,0.9883
-0.025964,-0.4696,0.8825
0.10194,0.023709,0.99451
0.076235,-0.047781,0.99594
-0.062805,0.3014,0.95143
0.079713,0.095384,0.99224
-0.31295,-0.012578,0.94969
0.14181,0.11569,0.98311
-0.062101,0.13786,0.9885
-0.26772,-0.12177,0.95577
0.38264,0.09151,0.91935
0.1233,-0.058291,0.99066
0.12874,0.30544,0.94347
-0.31868,-0.019977,0.94765
0.2036,0.10907,0.97296
-0.036053,-0.052316,0.99798
0.057321,0.12208,0.99086
-0.04879,0.16757,0.98465
0.21242,-0.068432,0.97478
0.05543,0.22283,0.97328
0.088731,-0.16804,0.98178
0.014267,0.086678,0.99613
0.11818,0.22643,0.96683
-0.14495,-0.10127,0.98424
-0.034553,-0.060051,0.9976
-0.20889,-0.16251,0.96434
0.012242,-0.095055,0.9954
-0.052737,-0.11478,0.99199
0.033926,-0.094434,0.99495
0.094507,0.068731,0.99315
-0.065495,-0.30168,0.95116
0.13294,-0.023366,0.99085
0.030304,-0.18914,0.98148
0.0092539,0.23948,0.97086
0.012233,-0.031018,0.99944
-0.12961,-0.13206,0.98273
-0.13994,0.35445,0.92454
-0.090777,0.07249,0.99323
0.11542,-0.054376,0.99183
0.043867,0.27453,0.96058
0.25555,0.097783,0.96184
-0.054765,0.078925,0.99538
-0.10957,-0.034882,0.99337
-0.041723,-0.39106,0.91942
0.24826,-0.040222,0.96786
-0.034351,-0.15325,0.98759
0.27889,-0.042855,0.95937
-0.069199,-0.21772,0.97356
-0.16486,-0.042358,0.98541
0.34469,0.10263,0.93309
0.29186,-0.16231,0.94259
0.095999,0.10841,0.98946
-0.054838,0.18821,0.9806
0.46464,0.054912,0.8838
-0.087605,-0.035845,0.99551
0.10604,-0.096294,0.98969
0.27481,-0.0087793,0.96146
-0.032174,-0.032356,0.99896
-0.07946,0.25067,0.96481
-0.10934,0.11832,0.98694
0.019255,0.23921,0.97078
0.30554,0.48875,0.81717
-0.079803,-0.23579,0.96852
0.0032541,-0.24555,0.96938
0.23713,-0.081092,0.96809
-0.29229,0.19519,0.9362
0.069952,-0.027435,0.99717
0.0703,-0.18379,0.98045
-0.26855,0.00022733,0.96327
0.13445,-0.010986,0.99086
-0.016518,-0.028156,0.99947
-0.13716,0.22191,0.96537
0.14573,0.10348,0.9839
0.085316,0.16532,0.98254
0.12262,0.081351,0.98911
0.044633,0.028366,0.9986
-0.064267,-0.14491,0.98736
-0.12598,-0.25264,0.95932
-0.053288,0.01547,0.99846
0.043978,-0.14491,0.98847
-0.19,0.26879,0.94427
0.22194,-0.042593,0.97413
0.029308,-0.00042362,0.99957
-0.067625,0.047363,0.99659
-0.03289,0.55456,0.83149
0.2935,-0.1055,0.95012
-0.13034,-0.17006,0.97678
-0.10671,-0.089562,0.99025
-0.28834,0.093839,0.95292
0.15804,0.017288,0.98728
0.21445,0.22838,0.94966
-0.050525,-0.19417,0.97967
-0.19482,-0.090396,0.97667
-0.022784,-0.2755,0.96103
0.16453,0.13206,0.97749
-0.091016,-0.12191,0.98836
-0.16559,0.30129,0.93904
-0.07857,-0.035899,0.99626
-0.21436,-0.22227,0.95113
-0.13431,0.19427,0.97171
0.07683,0.13199,0.98827
-0.18043,-0.079921,0.98034
0.0030591,-0.029647,0.99956
-0.22045,0.10609,0.96961
-0.066654,-0.014976,0.99766
-0.030262,-0.010237,0.99949
0.03162,0.04305,0.99857
-0.17273,-0.054424,0.98347
-0.11751,-0.12009,0.98578
0.14061,0.080137,0.98682
0.09715,-0.33849,0.93594
-0.064524,-0.15716,0.98546
-0.028627,0.02238,0.99934
-0.30243,0.10858,0.94697
-0.11948,0.081387,0.9895
-0.031068,-0.14448,0.98902
-0.24665,0.15051,0.95735
0.095988,-0.18048,0.97888
0.064019,0.27161,0.96028
0.16449,-0.093235,0.98196
0.076923,-0.2011,0.97655
0.052672,0.01193,0.99854
0.061025,-0.016609,0.998
-0.44078,0.076503,0.89435
0.13052,0.061582,0.98953
0.32716,-0.040123,0.94412
-0.17759,-0.0087048,0.98407
0.033327,-0.13438,0.99037
0.3649,0.14669,0.91942
0.035947,-0.19703,0.97974
-0.21562,0.23489,0.9478
0.33444,-0.13043,0.93335
-0.1542,0.42412,0.89238
-0.29482,0.078391,0.95233
-0.068816,-0.10626,0.99195
0.033307,-0.083767,0.99593
-0.14314,-0.17403,0.97428
0.22193,-0.18717,0.95693
0.012074,-0.084608,0.99634
-0.028806,0.098439,0.99473
0.12962,-0.25571,0.95802
-0.19319,-0.17742,0.96499
0.15832,-0.0065283,0.98737
0.0075834,-0.34086,0.94008
0.053206,-0.11733,0.99167
0.041616,0.044619,0.99814
-0.14114,-0.16443,0.97624
0.45339,-0.079821,0.88773
-0.11061,0.051581,0.99252
-0.062419,-0.042435,0.99715
0.31841,0.1501,0.93599
-0.31043,0.09993,0.94533
0.32068,-0.24318,0.91544
0.31658,0.18775,0.9298
0.26253,0.14463,0.95402
-0.011204,-0.11112,0.99374
0.31862,-0.11258,0.94117
-0.19553,0.094431,0.97614
-0.16846,-0.16501,0.9718
0.12429,-0.20582,0.97066
-0.15399,-0.0063038,0.98805
0.071164,-0.035878,0.99682
0.043569,-0.39712,0.91673
0.048844,0.0058422,0.99879
-0.17116,0.086345,0.98145
-0.12978,-0.099067,0.98658
0.11579,-0.11108,0.98704
-0.18013,-0.10069,0.97848
0.029359,0.03573,0.99893
0.048668,0.012933,0.99873
-0.11031,-0.11428,0.98731
-0.065547,0.23516,0.96974
0.12897,-0.24523,0.96085
-0.017177,-0.10643,0.99417
-0.0035312,0.0074274,0.99997
0.27497,-0.044499,0.96042
-0.2036,-0.13895,0.96914
-0.055263,0.14686,0.98761
0.25606,-0.35551,0.89892
-0.17602,0.05411,0.9829
0.34471,0.04796,0.93748
0.056133,0.14901,0.98724
-0.051168,0.10991,0.99262
-0.071468,0.1825,0.98061
0.13648,-0.090031,0.98654
0.25614,-0.27746,0.92596
-0.057867,-0.099464,0.99336
0.26123,-0.052932,0.96383
-0.25641,0.10019,0.96136
0.15004,0.14859,0.97745
-0.10112,0.22971,0.96799
-0.2228,0.18632,0.95689
0.099954,0.077205,0.99199
0.15638,0.14254,0.97736
-0.1582,0.16218,0.974
-0.11853,0.25724,0.95905
0.03269,-0.01268,0.99939
0.14435,-0.13938,0.97966
0.19557,-0.049936,0.97942
-0.26247,0.21128,0.94153
-0.26328,-0.058047,0.96297
0.13784,-0.15462,0.97831
0.23351,-0.39424,0.88885
-0.073923,-0.11655,0.99043
-0.011651,0.19686,0.98036
0.036966,-0.056698,0.99771
0.23391,0.50813,0.82891
0.18378,-0.29485,0.9377
-0.013783,-0.039705,0.99912
-0.03991,0.07662,0.99626
-0.086161,0.14791,0.98524
-0.35675,0.026004,0.93384
0.04481,-0.046616,0.99791
-0.12497,-0.16326,0.97864
0.0073413,-0.099909,0.99497
0.40427,0.099303,0.90923
0.20148,0.002676,0.97949
-0.076251,-0.13606,0.98776
-0.11492,-0.082729,0.98992
-0.042441,0.3495,0.93597
0.16904,0.010369,0.98555
0.027505,-0.16832,0.98535
0.12157,-0.077108,0.98958
0.079821,0.16857,0.98245
0.24893,0.12672,0.96019
-0.15098,-0.0098695,0.98849
0.10892,-0.0080024,0.99402
-0.1219,-0.030372,0.99208
-0.034868,-0.10725,0.99362
0.10692,0.36844,0.92348
0.10604,-0.048123,0.9932
-0.23978,-0.37359,0.89606
-0.23286,-0.19493,0.95277
-0.15664,0.077279,0.98463
-0.067196,0.016781,0.9976
-0.28424,-0.14445,0.94781
-0.21653,-0.12504,0.96824
-0.095437,0.028921,0.99502
-0.037233,0.19039,0.981
0.14807,0.093929,0.98451
0.15021,0.20436,0.9673
0.011098,0.0024693,0.99994
-0.071476,0.01001,0.99739
-0.27741,0.12953,0.95198
0.016156,-0.063789,0.99783
-0.28983,-0.0556,0.95546
-0.1629,0.11573,0.97983
0.03627,0.4604,0.88697
-0.27736,0.0029886,0.96076
0.065842,-0.035643,0.99719
-0.17179,-0.012094,0.98506
-0.027995,0.118,0.99262
0.084255,-0.18053,0.97995
0.042886,-0.054051,0.99762
0.16105,0.039838,0.98614
-0.17671,0.0027482,0.98426
-0.17003,-0.18319,0.96826
0.17665,0.0098345,0.98422
-0.03239,-0.089435,0.99547
0.0077701,-0.15576,0.98776
0.18753,0.042777,0.98133
-0.06649,-0.18768,0.97998
0.2046,0.26152,0.94326
-0.17672,0.15121,0.97258
0.066985,-0.063903,0.99571
0.36525,0.13271,0.9214
0.33482,-0.044478,0.94123
0.2215,-0.23833,0.94559
-0.011369,-0.11741,0.99302
0.12138,-0.16556,0.9787
0.040307,-0.13525,0.98999
-0.38452,0.0059047,0.9231
0.11246,-0.20757,0.97173
0.013383,-0.19355,0.981
0.24197,-0.28752,0.92671
0.077994,0.13971,0.98712
0.12893,-0.054354,0.99016
-0.069997,0.064415,0.99547
-0.17213,-0.13967,0.97512
-0.012693,-0.08481,0.99632
0.0075642,-0.09628,0.99533
0.1285,-0.13049,0.98309
-0.056154,0.013868,0.99833
0.093434,0.34473,0.93404
0.084173,-0.018811,0.99627
0.0040696,0.14471,0.98947
-0.060306,-0.056432,0.99658
0.10354,0.18003,0.9782
0.31847,0.077063,0.94479
0.28712,-0.35806,0.88846
0.10603,0.28734,0.95194
-0.34412,-0.13751,0.9288
-0.037855,0.10865,0.99336
-0.062364,0.054546,0.99656
-0.0567,-0.16206,0.98515
0.04599,0.07134,0.99639
0.16062,0.21099,0.9642
0.019563,-0.29124,0.95645
0.071195,0.21674,0.97363
0.045864,0.20039,0.97864
-0.31728,0.0024989,0.94833
-0.051191,0.0024494,0.99869
0.056224,-0.22295,0.97321
0.27216,-0.012856,0.96217
0.02031,0.11199,0.9935
-0.017635,0.080631,0.99659
0.14922,-0.21759,0.96457
-0.080282,0.041235,0.99592
0.28492,0.1341,0.94912
0.059048,-0.31129,0.94848
0.11949,0.060777,0.99097
-0.10681,0.14975,0.98294
0.21173,0.097988,0.9724
0.24586,-0.12348,0.96141
0.15738,0.019679,0.98734
-0.13012,-0.33094,0.93464
-0.088385,0.010288,0.99603
0.13153,-0.15167,0.97964
0.20449,0.13217,0.9699
-0.077551,0.15341,0.98512
-0.025732,-0.18499,0.9824
-0.25717,-0.2699,0.92791
0.19799,-0.13124,0.97138
0.017949,-0.029243,0.99941
0.17536,-0.22863,0.95759
-0.14557,-0.12669,0.9812
-0.019321,0.38903,0.92102
-0.092372,-0.21521,0.97219
-0.14556,0.1063,0.98362
-0.13635,0.1777,0.97459
-0.12872,-0.038842,0.99092
0.26386,-0.052238,0.96315
0.0099235,-0.078747,0.99685
-0.099544,-0.27857,0.95524
-0.038972,0.068851,0.99687
-0.12972,-0.12703,0.98338
-0.14326,0.065801,0.9875
-0.12326,-0.01042,0.99232
-0.079543,-0.069632,0.9944
-0.090631,0.097893,0.99106
0.121,0.18859,0.97457
-0.16495,-0.013091,0.98622
0.22992,0.052839,0.97177
-0.16192,0.078042,0.98371
0.013841,-0.12703,0.9918
-0.29414,0.24475,0.9239
0.07567,-0.075554,0.99427
-0.40475,-0.18529,0.89546
0.0097959,-0.26724,0.96358
0.12458,0.19637,0.97258
0.04031,0.21316,0.97618
0.14556,0.19318,0.97031
-0.05931,-0.20695,0.97655
0.1553,-0.022685,0.98761
-0.12179,0.097066,0.9878
-0.20299,0.052396,0.97778
-0.24258,0.033545,0.96955
-0.12793,0.018537,0.99161
0.3413,-0.26047,0.90314
-0.074236,-0.0062058,0.99722
-0.14011,-0.15524,0.97789
0.13606,0.12542,0.98273
-0.16333,0.064634,0.98445
-0.20356,-0.47256,0.85747
-0.25407,-0.28271,0.92495
-0.024965,-0.51101,0.85921
0.30819,0.10386,0.94564
0.067182,0.30438,0.95018
-0.05817,-0.22047,0.97366
0.08782,-0.21606,0.97242
0.016206,-0.066849,0.99763
0.17025,-0.23884,0.95602
-0.073567,-0.077629,0.99426
0.14666,0.11404,0.98259
-0.20401,-0.31639,0.92643
-0.18992,0.28324,0.94006
-0.16523,0.20385,0.96496
-0.15421,-0.066894,0.98577
-0.21645,0.22263,0.95057
0.12079,-0.12931,0.98422
-0.17914,0.0082275,0.98379
-0.25674,-0.02765,0.96609
-0.085981,-0.148,0.98524
0.020114,-0.24832,0.96847
0.15833,-0.20089,0.96673
0.25234,-0.10399,0.96203
0.074643,-0.10131,0.99205
0.097818,0.19787,0.97533
-0.24967,-0.057485,0.96662
0.24637,-0.084845,0.96545
0.035764,-0.068425,0.99702
0.071286,-0.22288,0.97224
-0.18397,0.084522,0.97929
0.0021284,-0.058913,0.99826
0.16187,-0.12811,0.97846
0.10207,-0.020344,0.99457
-0.23132,0.049882,0.9716
-0.04292,-0.14385,0.98867
0.29553,-0.09308,0.95079
0.20214,-0.20562,0.95753
-0.13706,-0.13419,0.98143
-0.0067567,0.22091,0.97527
0.07999,0.19158,0.97821
-0.22666,-0.13604,0.96443
-0.24495,-0.13844,0.9596
0.04927,-0.14497,0.98821
0.22672,-0.07778,0.97085
0.14814,0.21449,0.96543
-0.053439,-0.1048,0.99306
0.15904,0.076048,0.98434
-0.0057198,0.077452,0.99698
-0.17455,-0.057566,0.98296
0.27301,0.18354,0.94434
0.25584,-0.085097,0.96297
-0.021631,0.23987,0.97056
0.18526,0.14263,0.97228
-0.06005,-0.13694,0.98876
0.062296,-0.17976,0.98174
0.35199,-0.02704,0.93561
0.16475,0.033233,0.98578
-0.14447,-0.11752,0.98251
0.11245,-0.036315,0.99299
0.064601,0.076212,0.995
-0.027977,-0.07726,0.99662
-0.17127,0.060111,0.98339
-0.29293,0.16515,0.94176
-0.27448,0.055157,0.96001
-0.12562,0.092151,0.98779
0.016455,-0.038844,0.99911
-0.006142,0.23485,0.97201
-0.13057,0.086821,0.98763
-0.095047,0.047347,0.99435
-0.19963,0.050122,0.97859
0.31694,0.14173,0.9378
0.048057,0.15686,0.98645
-0.30311,-0.052015,0.95154
0.10152,-0.014928,0.99472
-0.31449,0.2026,0.92739
-0.37189,-0.041871,0.92733
0.17714,-0.039997,0.98337
0.048388,-0.22773,0.97252
0.10888,0.043657,0.9931
0.14573,-0.064554,0.98722
-0.065542,0.091073,0.99369
-0.061731,0.058361,0.99639
-0.04055,-0.0042664,0.99917
0.25418,-0.13718,0.95738
-0.30212,-0.044941,0.95221
-0.091141,-0.08173,0.99248
0.012104,0.22869,0.97342
-0.13021,-0.098472,0.98658
-0.024084,-0.055988,0.99814
0.10351,0.081357,0.9913
-0.0065635,-0.005982,0.99996
-0.1248,0.031968,0.99167
-0.052902,0.2093,0.97642
0.042201,0.1879,0.98128
-0.20062,-0.21607,0.95555
0.19535,-0.006689,0.98071
-0.050886,-0.1221,0.99121
0.17262,0.18072,0.96827
-0.037834,0.14766,0.98831
-0.15443,-0.20534,0.96643
0.18602,-0.0063198,0.98253
-0.18559,0.2703,0.94472
0.036521,-0.18861,0.98137
-0.35866,0.14718,0.92179
-0.065021,0.15719,0.98543
-0.0014849,-0.078504,0.99691
-0.042074,-0.070805,0.9966
-0.14042,0.031587,0.98959
0.097495,0.11463,0.98861
-0.20475,0.0038171,0.97881
0.11293,-0.07882,0.99047
-0.19611,0.27426,0.94145
0.10497,-0.16553,0.9806
0.27149,-0.0052808,0.96243
-0.075785,0.14003,0.98724
0.075477,0.091065,0.99298
-0.23167,0.20869,0.95014
-0.018384,0.21025,0.97747
-0.01271,-0.13407,0.99089
-0.24358,-0.23153,0.94184
-0.17243,-0.12993,0.97642
0.043367,-0.066547,0.99684
-0.030001,-0.1209,0.99221
-0.15913,0.11444,0.9806
0.19792,-0.33487,0.92124
-0.2699,-0.054617,0.96134
-0.12111,-0.062872,0.99065
0.22665,0.094693,0.96936
0.030816,0.2972,0.95432
-0.047603,0.28671,0.95683
0.062552,0.2535,0.96531
-0.32292,0.30947,0.8944
-0.18299,-0.20743,0.96098
-0.19095,-0.036298,0.98093
0.044651,-0.061294,0.99712
-0.15838,-0.30053,0.94053
0.1103,-0.065699,0.99172
0.14752,0.064892,0.98693
0.17768,0.057134,0.98243
0.066355,-0.046676,0.9967
0.2248,0.27761,0.93402
0.18221,0.20957,0.96066
0.079458,-0.057727,0.99517
0.23532,0.19523,0.95211
0.081647,0.12092,0.9893
0.23061,0.23441,0.94439
-0.022737,-0.0040853,0.99973
-0.35468,-0.093704,0.93028
0.12843,0.014697,0.99161
0.048501,0.10925,0.99283
0.033777,0.076314,0.99651
0.024769,0.043196,0.99876
-0.20608,-0.06703,0.97624
-0.044109,-0.12539,0.99113
-0.16144,-0.070266,0.98438
-0.097645,0.045711,0.99417
-0.036849,0.090107,0.99525
0.15779,0.033974,0.98689
0.068015,-0.18968,0.97949
0.27797,-0.21536,0.93614
0.14834,0.076494,0.98597
-0.16087,-0.17605,0.97115
-0.063345,0.19749,0.97826
-0.1654,-0.093726,0.98176
-0.075884,0.014704,0.99701
0.056663,-0.0069678,0.99837
0.072924,-0.14413,0.98687
-0.17063,0.00050672,0.98533
-0.40602,0.13813,0.90337
0.23087,0.041416,0.9721
0.041291,0.4278,0.90293
-0.17137,-0.025625,0.98487
0.12,0.0036241,0.99277
0.034298,-0.037958,0.99869
-0.12361,0.049949,0.99107
-0.0158,0.031485,0.99938
-0.13926,0.19875,0.97011
0.06746,-0.043245,0.99678
0.3007,-0.063079,0.95163
0.15975,0.02741,0.98678
0.039543,-0.1591,0.98647
0.30603,0.17257,0.93625
-0.045419,-0.24846,0.96758
-0.27746,-0.082399,0.9572
0.098027,0.057742,0.99351
-0.077633,0.0091374,0.99694
0.20737,-0.15788,0.96544
0.10746,0.048856,0.99301
0.031519,0.37909,0.92482
-0.03024,-0.033706,0.99897
-0.25548,-0.043214,0.96585
-0.011738,0.13625,0.99061
0.1328,-0.2417,0.96122
0.27815,0.16072,0.947
-0.21926,-0.10787,0.96969
0.17046,-0.06349,0.98332
0.033091,-0.12077,0.99213
-0.18578,0.10753,0.97669
0.2378,-0.02315,0.97104
0.15528,-0.13348,0.97881
0.045982,-0.040003,0.99814
-0.30083,-0.04186,0.95276
0.1604,0.14434,0.97644
0.3273,-0.080127,0.94152
-0.0057735,-0.086266,0.99626
0.097546,-0.073321,0.99253
-0.06465,-0.027504,0.99753
-0.15914,0.56909,0.80673
-0.23284,-0.023698,0.97223
0.18053,0.034351,0.98297
-0.034713,0.00039065,0.9994
0.28851,-0.15394,0.94502
0.14096,-0.12274,0.98238
-0.040629,0.20183,0.97858
0.12474,0.018402,0.99202
-0.18836,0.083341,0.97856
0.48919,0.021888,0.8719
0.16584,0.082765,0.98267
-0.16388,-0.026912,0.98611
0.069776,-0.031555,0.99706
-0.057332,-0.15951,0.98553
-0.18085,0.027737,0.98312
-0.086017,-0.12763,0.98809
0.30392,0.068274,0.95025
-0.03594,0.17265,0.98433
-0.19279,-0.23886,0.95172
0.38131,-0.10212,0.91879
-0.059898,-0.078899,0.99508
-0.13312,0.024995,0.99078
0.18705,-0.23154,0.95467
-0.085134,-0.059043,0.99462
-0.12009,0.031425,0.99227
-0.17658,-0.09671,0.97952
-0.28526,-0.07158,0.95577
-0.09783,-0.17966,0.97885
-0.087314,-0.0407,0.99535
0.090192,0.079862,0.99272
-0.1984,-0.012248,0.98005
-0.24752,-0.036489,0.9682
-0.22635,-0.039211,0.97326
-0.074075,-0.068552,0.99489
-0.16873,0.27615,0.94619
-0.011541,0.46303,0.88627
-0.2743,-0.0065119,0.96162
-0.16249,-0.26321,0.95096
0.26045,0.10801,0.95943
-0.063314,0.072007,0.99539
0.17159,0.06236,0.98319
0.04233,0.15784,0.98656
0.14286,0.2313,0.96234
0.084012,0.018037,0.9963
-0.0096049,-0.012387,0.99988
0.078272,0.092428,0.99264
0.0096643,-0.20181,0.97938
-0.18157,-0.17962,0.96684
0.03562,0.18644,0.98182
0.0059856,-0.22248,0.97492
0.32627,-0.05637,0.94359
-0.077107,-0.090756,0.99288
-0.28892,-0.084376,0.95363
-0.0027954,0.072368,0.99737
-0.21909,0.12899,0.96714
-0.19453,0.085751,0.97714
-0.022076,-0.15331,0.98793
0.28987,-0.069182,0.95456
-0.14575,-0.028716,0.98891
0.034105,0.098892,0.99451
0.16088,-0.059051,0.98521
0.048672,-0.051908,0.99747
-0.049589,-0.18518,0.98145
0.12463,-0.10846,0.98626
-0.10778,0.23914,0.96498
-0.15273,-0.23965,0.95877
0.16066,0.048329,0.98583
0.0027774,0.27841,0.96046
-0.12448,0.13644,0.9828
0.14443,0.12568,0.9815
0.36602,-0.17547,0.91391
-0.069898,0.062065,0.99562
0.019835,0.007244,0.99978
0.013934,-0.26667,0.96369
-0.093122,-0.074365,0.99287
-0.10503,0.067149,0.9922
0.091564,0.054559,0.9943
0.0030657,-0.087635,0.99615
0.15287,-0.27331,0.9497
0.13527,0.26672,0.95423
-0.080837,-0.18211,0.97995
-0.31541,0.11117,0.94242
-0.023849,0.078113,0.99666
-0.0091653,0.08962,0.99593
-0.087005,0.29289,0.95218
-0.15617,-0.30809,0.93845
-0.13858,0.056553,0.98873
0.30179,0.19313,0.93361
-0.087552,-0.043785,0.9952
0.034433,0.33403,0.94193
-0.48693,0.1713,0.85648
-0.17622,0.0039334,0.98434
-0.016306,0.030936,0.99939
0.021197,0.032804,0.99924
-0.26033,-0.23013,0.93769
0.0034366,0.042541,0.99909
0.22838,-0.078143,0.97043
0.095469,0.18405,0.97827
-0.1528,-0.091138,0.98405
-0.25286,0.0091665,0.96746
0.33376,0.26605,0.90434
0.17722,0.013656,0.98408
-0.051475,-0.21116,0.97609
-0.13085,0.10175,0.98617
-0.10688,-0.26517,0.95826
0.096003,-0.23739,0.96666
-0.10124,-0.092349,0.99057
-0.08601,-0.21991,0.97172
0.017738,0.042858,0.99892
-0.15321,0.14458,0.97756
0.54179,0.15617,0.82588
0.064423,0.025369,0.9976
0.0060068,0.049016,0.99878
-0.0028484,0.23772,0.97133
0.11817,-0.060764,0.99113
-0.15072,0.0059615,0.98856
0.035044,0.079436,0.99622
-0.1902,0.14507,0.97097
-0.011075,-0.06091,0.99808
-0.22756,0.25939,0.93858
0.053036,0.070121,0.99613
0.25652,-0.10677,0.96062
-0.19025,-0.11561,0.97491
0.050331,-0.10253,0.99346
0.074242,0.017367,0.99709
-0.22729,-0.016954,0.97368
0.15556,0.017528,0.98767
-0.30032,-0.08313,0.95021
-0.13191,0.085793,0.98754
-0.078542,-0.082832,0.99346
-0.14006,-0.10004,0.98508
-0.16463,0.060684,0.98449
0.13076,-0.0085293,0.99138
-0.025584,-0.033397,0.99911
-0.11355,0.081515,0.99018
-0.043326,-0.19921,0.979
0.20907,-0.047557,0.97674
-0.33245,0.099952,0.93781
0.028094,0.11692,0.99274
-0.29894,0.1926,0.93463
-0.029446,-0.10975,0.99352
-0.15713,-0.0011022,0.98758
0.0083036,-0.00054645,0.99997
-0.015358,-0.23952,0.97077
-0.19184,-0.097256,0.97659
-0.2014,-0.16606,0.96533
-0.012292,-0.13027,0.9914
-0.176,0.23086,0.95694
-0.20352,0.16674,0.96477
0.11417,-0.083829,0.98992
0.26242,0.099637,0.9598
-0.15729,-0.13158,0.97875
0.22544,-0.088069,0.97027
0.055931,-0.1787,0.98231
0.34169,-0.054286,0.93824
0.042334,0.2323,0.97172
-0.2884,-0.27829,0.91618
-0.019205,0.15419,0.98785
0.028574,0.3017,0.95297
0.06012,0.10322,0.99284
-0.23673,-0.077119,0.96851
-0.21456,-0.031085,0.97622
0.011067,0.1596,0.98712
0.21032,-0.072905,0.97491
0.23672,0.006314,0.97156
0.23845,0.363,0.90076
-0.2949,-0.0023368,0.95552
-0.064626,0.18277,0.98103
-0.11461,-0.19441,0.9742
0.048606,0.17874,0.9827
-0.028842,0.076171,0.99668
0.08443,0.25604,0.96297
0.40557,-0.13477,0.90407
-0.075771,0.32262,0.94349
0.34804,0.099322,0.9322
0.035353,-0.21662,0.97561
-0.11065,0.010853,0.9938
0.061325,0.17928,0.98188
-0.12392,-0.017815,0.99213
0.01329,-0.13767,0.99039
0.32295,-0.12605,0.93799
0.0013586,-0.061342,0.99812
0.29891,-0.13541,0.94463
-0.069034,0.019798,0.99742
-0.01329,0.15898,0.98719
0.046899,-0.24897,0.96738
-0.27774,-0.12676,0.95226
-0.13102,0.16391,0.97774
-0.0011911,-0.32641,0.94523
-0.005719,0.27726,0.96078
-0.099526,0.17744,0.97909
-0.055241,0.15471,0.98641
0.1734,0.016671,0.98471
-0.2322,0.15642,0.96001
-0.032591,-0.046329,0.99839
0.18141,0.1209,0.97595
-0.21694,0.10708,0.97029
0.077922,-0.25442,0.96395
-0.3014,-0.1324,0.94426
0.02714,-0.17928,0.98342
-0.43676,0.07463,0.89648
0.13531,-0.11789,0.98376
-0.11308,-0.013445,0.99349
-0.095766,-0.16785,0.98115
0.17144,-0.054795,0.98367
-0.23853,-0.17808,0.95467
-0.096001,0.19339,0.97641
-0.0087919,-0.21721,0.97608
-0.010408,0.2463,0.96914
0.10109,0.15881,0.98212
0.14226,0.014887,0.98972
-0.11229,-0.082381,0.99026
0.10443,0.012706,0.99445
0.19922,0.38505,0.90114
-0.15152,-0.22133,0.96336
-0.044885,-0.047067,0.99788
0.26335,-0.027769,0.9643
0.19982,0.084926,0.97614
0.33426,-0.043543,0.94147
-0.082385,-0.21045,0.97413
-0.13556,-0.14575,0.97999
0.18495,-0.14356,0.97221
0.10593,0.26461,0.95852
-0.21816,-0.13314,0.96679
0.20586,-0.13045,0.96985
-0.19177,-0.092417,0.97708
0.014627,0.046825,0.9988
-0.015846,0.19229,0.98121
-0.28595,0.064857,0.95605
-0.37219,-0.17383,0.91173
-0.1993,0.014641,0.97983
-0.067718,0.13045,0.98914
-0.021923,-0.053937,0.9983
-0.090601,0.17946,0.97958
0.11463,0.026942,0.99304
-0.093842,0.083498,0.99208
0.26237,-0.29433,0.91898
0.12095,-0.05726,0.99101
0.031996,-0.081728,0.99614
0.032924,-0.25159,0.96727
-0.013459,0.023081,0.99964
0.11481,0.28939,0.9503
-0.012591,-0.10042,0.99487
-0.22633,-0.10123,0.96878
0.14685,0.073886,0.98639
0.067095,0.025993,0.99741
0.21009,0.12087,0.97018
-0.15906,-0.20239,0.9663
0.0015759,0.055733,0.99844
-0.050339,0.15388,0.98681
-0.014809,0.10244,0.99463
0.17654,0.14892,0.97296
-0.017908,0.030701,0.99937
0.0271,-0.10692,0.9939
0.063094,-0.025199,0.99769
-0.24682,0.20485,0.94716
-0.027378,0.089019,0.99565
-0.13556,-0.19287,0.97182
-0.31204,-0.083258,0.94641
0.41621,-0.017772,0.9091
0.037244,0.037638,0.9986
0.12047,-0.047145,0.9916
-0.1538,0.067478,0.98579
0.034176,-0.016406,0.99928
-0.018602,0.2093,0.97767
-0.047814,-0.20765,0.97703
0.13794,0.18167,0.97364
-0.044511,0.20637,0.97746
0.15595,0.40859,0.8993
-0.051599,0.022449,0.99842
0.034786,-0.19618,0.97995
0.024542,-0.21182,0.977
0.25913,-0.0051631,0.96583
-0.0073951,0.0011969,0.99997
-0.21521,-0.13314,0.96745
0.077289,0.046901,0.9959
-0.045626,-0.25137,0.96681
0.0031367,-0.01123,0.99993
-0.070558,0.16859,0.98316
-0.05454,-0.047875,0.99736
0.23845,0.32018,0.91685
0.026374,0.12174,0.99221
0.10283,0.033648,0.99413
0.27087,0.20994,0.93944
0.16222,-0.34561,0.92425
-0.25749,0.22067,0.94075
0.22147,-0.14803,0.96387
-0.066818,-0.01734,0.99761
-0.074065,-0.19449,0.9781
0.14007,0.14152,0.97998
-0.054564,0.31997,0.94585
-0.034817,0.17914,0.98321
0.43631,0.050276,0.89839
0.21707,0.075374,0.97324
-0.007835,-0.058395,0.99826
0.19384,0.18062,0.96426
-0.094022,-0.24195,0.96572
0.13535,0.0069585,0.99077
0.071983,-0.12358,0.98972
0.093405,0.14547,0.98494
0.1838,-0.25636,0.94895
0.023138,-0.02481,0.99942
-0.023324,-0.06631,0.99753
-0.081031,0.23243,0.96923
0.0083799,0.2884,0.95747
0.044117,-0.020444,0.99882
-0.16014,-0.046832,0.98598
0.22869,0.12352,0.96563
0.025726,-0.079697,0.99649
0.26689,0.26372,0.92694
-0.1256,-0.049048,0.99087
-0.036691,0.25867,0.96527
0.13457,0.019083,0.99072
-0.038535,0.073689,0.99654
0.23611,-0.15149,0.95985
-0.019767,-0.099567,0.99483
0.029396,0.24945,0.96794
-0.30431,-0.16011,0.93902
-0.065541,-0.24865,0.96637
-0.019424,0.13059,0.99125
0.18201,-0.22209,0.95789
-0.25689,0.2641,0.92966
0.018101,0.054057,0.99837
-0.21617,0.076151,0.97338
-0.052558,0.094513,0.99414
0.1143,-0.2051,0.97204
-0.1835,-0.12698,0.97478
-0.13235,0.10984,0.9851
0.32182,0.075458,0.94379
-0.11119,0.014855,0.99369
-0.18395,0.032428,0.9824
0.10507,0.012265,0.99439
-0.060623,0.047707,0.99702
0.070555,0.18651,0.97992
-0.024303,-0.13945,0.98993
-0.20889,-0.10789,0.97197
0.066514,0.046753,0.99669
0.22986,0.056052,0.97161
-0.10461,-0.11705,0.9876
-0.28352,-0.18692,0.94057
0.0043083,0.028143,0.99959
0.10837,-0.086789,0.99032
-0.099979,-0.10582,0.98935
0.16391,0.063056,0.98446
0.043289,0.17864,0.98296
-0.20106,0.28384,0.93755
-0.31368,0.025949,0.94917
-0.14685,-0.11767,0.98214
0.032512,-0.32061,0.94665
0.035616,0.19999,0.97915
-0.29304,-0.11081,0.94966
0.28177,-0.22895,0.93177
-0.047053,-0.17025,0.98428
0.11939,-0.018073,0.99268
-0.066026,0.32711,0.94268
-0.087076,-0.060638,0.99435
0.019256,-0.21042,0.97742
-0.043497,-0.19978,0.97887
-0.30577,0.04341,0.95111
0.11787,-0.13425,0.98391
0.092581,0.25264,0.96312
-0.064249,-0.042118,0.99704
-0.12788,0.16819,0.97742
0.097615,-0.014371,0.99512
-0.076447,-0.12647,0.98902
0.20918,-0.072387,0.97519
-0.14761,0.030356,0.98858
-0.051479,-0.36698,0.9288
0.27719,0.21946,0.93542
-0.20751,-0.074431,0.9754
-0.048412,0.12238,0.9913
0.066526,-0.27331,0.95962
-0.040965,-0.14798,0.98814
-0.15742,-0.0037382,0.98752
0.040663,0.0038039,0.99917
0.021781,0.041931,0.99888
-0.2197,-0.26016,0.94024
0.16293,-0.23986,0.95704
-0.16688,0.066276,0.98375
0.043015,-0.24131,0.9695
-0.11245,-0.19325,0.97468
-0.029621,0.11367,0.99308
0.10269,0.00098903,0.99471
0.29243,-0.27619,0.91553
-0.19244,-0.16782,0.96685
-0.040742,0.037776,0.99846
-0.34248,0.0018768,0.93952
-0.022393,-0.0677,0.99745
0.1196,0.32725,0.93734
0.028315,0.038021,0.99888
-0.16492,-0.074,0.98353
0.11062,0.026173,0.99352
0.25953,0.16736,0.95112
-0.021033,-0.11653,0.99296
0.21477,-0.057143,0.97499
-0.026506,-0.12811,0.99141
-0.18174,0.30297,0.93551
0.12899,-0.24184,0.9617
-0.005892,-0.06067,0.99814
-0.0070127,-0.19738,0.9803
0.30116,-0.13135,0.94448
0.23369,0.16475,0.95825
-0.24954,-0.054049,0.96686
-0.30571,0.088425,0.94801
0.046241,0.26109,0.96421
-0.081353,0.29625,0.95164
-0.024468,0.19431,0.98064
0.27368,-0.22055,0.93619
-0.026559,0.27188,0.96197
0.16971,-0.061486,0.98357
0.0051038,0.042441,0.99909
-0.29338,-0.0076897,0.95596
0.036706,0.44211,0.89621
0.055252,0.080898,0.99519
-0.14903,-0.21224,0.96579
-0.018419,-0.20994,0.97754
0.20449,-0.10395,0.97333
0.017561,0.11382,0.99335
0.084758,0.059834,0.9946
0.00076891,-0.25694,0.96643
0.12366,0.051988,0.99096
-0.17822,0.17125,0.96897
-0.22689,0.16033,0.96063
-0.034274,0.21096,0.97689
-0.12934,0.092154,0.98731
